ID,Year,Area,Variety,Estate,LatN,LongE,Date,Temperature,Month,Day,Potential_Fert,n_Blind_Buds,n_Steril_Buds
1,2018,NE,Chardonnay,Az. Vignalta,45.344174,11.712021,21/11/18,-0.883607745,11,21,1.08,0.8,3
1,2018,NE,Chardonnay,Az. Vignalta,45.344174,11.712021,04/10/18,-0.178174973,10,4,1.08,0.8,3
1,2018,NE,Chardonnay,Az. Vignalta,45.344174,11.712021,17/08/18,1.202202201,8,17,1.08,0.8,3
1,2018,NE,Chardonnay,Az. Vignalta,45.344174,11.712021,27/04/18,1.115321517,4,27,1.08,0.8,3
1,2018,NE,Chardonnay,Az. Vignalta,45.344174,11.712021,07/08/18,NA,8,7,1.08,0.8,3
1,2018,NE,Chardonnay,Az. Vignalta,45.344174,11.712021,30/06/18,2.622975826,6,30,1.08,0.8,3
1,2018,NE,Chardonnay,Az. Vignalta,45.344174,11.712021,21/01/18,2.399413347,1,21,1.08,0.8,3
1,2018,NE,Chardonnay,Az. Vignalta,45.344174,11.712021,26/03/18,-2.138515949,3,26,1.08,0.8,3
1,2019,NE,Chardonnay,Az. Vignalta,45.344174,11.712021,24/01/19,-0.009788207,1,24,1.1,0.8,3
1,2019,NE,Chardonnay,Az. Vignalta,45.344174,11.712021,29/03/19,3.043527126,3,29,1.1,0.8,3
1,2019,NE,Chardonnay,Az. Vignalta,45.344174,11.712021,23/10/19,-3.43615365,10,23,1.1,0.8,3
1,2019,NE,Chardonnay,Az. Vignalta,45.344174,11.712021,21/09/19,-9.091338158,9,21,1.1,0.8,3
1,2019,NE,Chardonnay,Az. Vignalta,45.344174,11.712021,26/12/19,3.457712173,12,26,1.1,0.8,3
1,2019,NE,Chardonnay,Az. Vignalta,45.344174,11.712021,05/09/19,2.173695564,9,5,1.1,0.8,3
1,2019,NE,Chardonnay,Az. Vignalta,45.344174,11.712021,25/02/19,1.417744279,2,25,1.1,0.8,3
1,2019,NE,Chardonnay,Az. Vignalta,45.344174,11.712021,01/06/19,-0.676131129,6,1,1.1,0.8,3
1,2019,NE,Chardonnay,Az. Vignalta,45.344174,11.712021,19/07/19,-4.35738802,7,19,1.1,0.8,3
1,2019,NE,Chardonnay,Az. Vignalta,45.344174,11.712021,03/07/19,0.588992834,7,3,1.1,0.8,3
1,2019,NE,Chardonnay,Az. Vignalta,45.344174,11.712021,04/08/19,-0.496706694,8,4,1.1,0.8,3
1,2020,NE,Chardonnay,Az. Vignalta,45.344174,11.712021,11/01/20,1.197551966,1,11,0.99,0.3,2.1
1,2020,NE,Chardonnay,Az. Vignalta,45.344174,11.712021,28/02/20,3.461002827,2,28,0.99,0.3,2.1
1,2020,NE,Chardonnay,Az. Vignalta,45.344174,11.712021,12/02/20,3.483985186,2,12,0.99,0.3,2.1
1,2020,NE,Chardonnay,Az. Vignalta,45.344174,11.712021,15/03/20,0.222055301,3,15,0.99,0.3,2.1
1,2020,NE,Chardonnay,Az. Vignalta,45.344174,11.712021,10/11/20,0.443851084,11,10,0.99,0.3,2.1
1,2020,NE,Chardonnay,Az. Vignalta,45.344174,11.712021,21/07/20,4.210704327,7,21,0.99,0.3,2.1
1,2020,NE,Chardonnay,Az. Vignalta,45.344174,11.712021,25/10/20,1.203752398,10,25,0.99,0.3,2.1
1,2020,NE,Chardonnay,Az. Vignalta,45.344174,11.712021,26/11/20,-1.627227664,11,26,0.99,0.3,2.1
1,2020,NE,Chardonnay,Az. Vignalta,45.344174,11.712021,05/09/20,-13.01017189,9,5,0.99,0.3,2.1
1,2020,NE,Chardonnay,Az. Vignalta,45.344174,11.712021,05/07/20,3.023957968,7,5,0.99,0.3,2.1
1,2020,NE,Chardonnay,Az. Vignalta,45.344174,11.712021,06/08/20,-1.197685957,8,6,0.99,0.3,2.1
1,2020,NE,Chardonnay,Az. Vignalta,45.344174,11.712021,22/08/20,1.978304267,8,22,0.99,0.3,2.1
1,2021,NE,Chardonnay,Az. Vignalta,45.344174,11.712021,28/10/21,0.545831561,10,28,1.33,0.4,1.6
1,2021,NE,Chardonnay,Az. Vignalta,45.344174,11.712021,29/11/21,-1.833329558,11,29,1.33,0.4,1.6
1,2021,NE,Chardonnay,Az. Vignalta,45.344174,11.712021,28/10/21,7.191457748,10,28,1.33,0.4,1.6
1,2021,NE,Chardonnay,Az. Vignalta,45.344174,11.712021,13/01/21,-2.155900717,1,13,1.33,0.4,1.6
1,2021,NE,Chardonnay,Az. Vignalta,45.344174,11.712021,02/03/21,2.246569395,3,2,1.33,0.4,1.6
1,2021,NE,Chardonnay,Az. Vignalta,45.344174,11.712021,09/08/21,4.615390301,8,9,1.33,0.4,1.6
1,2021,NE,Chardonnay,Az. Vignalta,45.344174,11.712021,10/09/21,0.6022349,9,10,1.33,0.4,1.6
1,2021,NE,Chardonnay,Az. Vignalta,45.344174,11.712021,22/06/21,3.363049984,6,22,1.33,0.4,1.6
1,2021,NE,Chardonnay,Az. Vignalta,45.344174,11.712021,25/08/21,-1.140164971,8,25,1.33,0.4,1.6
1,2021,NE,Chardonnay,Az. Vignalta,45.344174,11.712021,14/02/21,-1.686275601,2,14,1.33,0.4,1.6
10,2018,NO,Glera,Az. San Nazario,45.30811,11.642855,21/11/18,-0.603802919,11,21,1.16,0.9,2.2
10,2018,NO,Glera,Az. San Nazario,45.30811,11.642855,04/10/18,0.510243595,10,4,1.16,0.9,2.2
10,2018,NO,Glera,Az. San Nazario,45.30811,11.642855,17/08/18,1.07014513,8,17,1.16,0.9,2.2
10,2018,NO,Glera,Az. San Nazario,45.30811,11.642855,27/04/18,4.126449585,4,27,1.16,0.9,2.2
10,2018,NO,Glera,Az. San Nazario,45.30811,11.642855,07/08/18,5.070498466,8,7,1.16,0.9,2.2
10,2018,NO,Glera,Az. San Nazario,45.30811,11.642855,30/06/18,2.038305044,6,30,1.16,0.9,2.2
10,2018,NO,Glera,Az. San Nazario,45.30811,11.642855,21/01/18,1.306271076,1,21,1.16,0.9,2.2
10,2018,NO,Glera,Az. San Nazario,45.30811,11.642855,26/03/18,-1.672760367,3,26,1.16,0.9,2.2
10,2019,NO,Glera,Az. San Nazario,45.30811,11.642855,01/06/19,-2.220230103,6,1,1.1,0.7,2.2
10,2019,NO,Glera,Az. San Nazario,45.30811,11.642855,19/07/19,-8.216947556,7,19,1.1,0.7,2.2
10,2019,NO,Glera,Az. San Nazario,45.30811,11.642855,29/03/19,4.525092602,3,29,1.1,0.7,2.2
10,2019,NO,Glera,Az. San Nazario,45.30811,11.642855,03/07/19,0.682739973,7,3,1.1,0.7,2.2
10,2019,NO,Glera,Az. San Nazario,45.30811,11.642855,04/08/19,-0.609953701,8,4,1.1,0.7,2.2
10,2019,NO,Glera,Az. San Nazario,45.30811,11.642855,21/09/19,-5.397593498,9,21,1.1,0.7,2.2
10,2019,NO,Glera,Az. San Nazario,45.30811,11.642855,26/12/19,3.434359074,12,26,1.1,0.7,2.2
10,2019,NO,Glera,Az. San Nazario,45.30811,11.642855,05/09/19,2.750814438,9,5,1.1,0.7,2.2
10,2019,NO,Glera,Az. San Nazario,45.30811,11.642855,25/02/19,2.727300167,2,25,1.1,0.7,2.2
10,2019,NO,Glera,Az. San Nazario,45.30811,11.642855,24/01/19,0.26305294,1,24,1.1,0.7,2.2
10,2019,NO,Glera,Az. San Nazario,45.30811,11.642855,23/10/19,-1.068449616,10,23,1.1,0.7,2.2
10,2020,NO,Glera,Az. San Nazario,45.30811,11.642855,28/02/20,2.537126064,2,28,0.9,0.2,3
10,2020,NO,Glera,Az. San Nazario,45.30811,11.642855,21/07/20,2.296468973,7,21,0.9,0.2,3
10,2020,NO,Glera,Az. San Nazario,45.30811,11.642855,05/07/20,NA,7,5,0.9,0.2,3
10,2020,NO,Glera,Az. San Nazario,45.30811,11.642855,06/08/20,-1.798838377,8,6,0.9,0.2,3
10,2020,NO,Glera,Az. San Nazario,45.30811,11.642855,15/03/20,0.139036447,3,15,0.9,0.2,3
10,2020,NO,Glera,Az. San Nazario,45.30811,11.642855,11/01/20,1.213156939,1,11,0.9,0.2,3
10,2020,NO,Glera,Az. San Nazario,45.30811,11.642855,10/11/20,0.490248114,11,10,0.9,0.2,3
10,2020,NO,Glera,Az. San Nazario,45.30811,11.642855,22/08/20,3.176666737,8,22,0.9,0.2,3
10,2020,NO,Glera,Az. San Nazario,45.30811,11.642855,12/02/20,3.281344652,2,12,0.9,0.2,3
10,2020,NO,Glera,Az. San Nazario,45.30811,11.642855,05/09/20,-12.81124783,9,5,0.9,0.2,3
10,2020,NO,Glera,Az. San Nazario,45.30811,11.642855,25/10/20,-0.585385025,10,25,0.9,0.2,3
10,2020,NO,Glera,Az. San Nazario,45.30811,11.642855,26/11/20,-1.360081911,11,26,0.9,0.2,3
10,2021,NO,Glera,Az. San Nazario,45.30811,11.642855,02/03/21,3.508072138,3,2,1.24,0.3,0.8
10,2021,NO,Glera,Az. San Nazario,45.30811,11.642855,28/10/21,8.729687691,10,28,1.24,0.3,0.8
10,2021,NO,Glera,Az. San Nazario,45.30811,11.642855,25/08/21,-1.610978603,8,25,1.24,0.3,0.8
10,2021,NO,Glera,Az. San Nazario,45.30811,11.642855,09/08/21,5.278082848,8,9,1.24,0.3,0.8
10,2021,NO,Glera,Az. San Nazario,45.30811,11.642855,10/09/21,2.96336174,9,10,1.24,0.3,0.8
10,2021,NO,Glera,Az. San Nazario,45.30811,11.642855,22/06/21,0.197192878,6,22,1.24,0.3,0.8
10,2021,NO,Glera,Az. San Nazario,45.30811,11.642855,13/01/21,-1.735241175,1,13,1.24,0.3,0.8
10,2021,NO,Glera,Az. San Nazario,45.30811,11.642855,28/10/21,1.423303008,10,28,1.24,0.3,0.8
10,2021,NO,Glera,Az. San Nazario,45.30811,11.642855,29/11/21,NA,11,29,1.24,0.3,0.8
10,2021,NO,Glera,Az. San Nazario,45.30811,11.642855,14/02/21,-0.42631042,2,14,1.24,0.3,0.8
11,2018,CT,Chardonnay,Az Ca’ Lustra Zanovello,45.305664,11.696812,04/10/18,-0.262691885,10,4,1.09,1.5,3.3
11,2018,CT,Chardonnay,Az Ca’ Lustra Zanovello,45.305664,11.696812,30/06/18,2.629105806,6,30,1.09,1.5,3.3
11,2018,CT,Chardonnay,Az Ca’ Lustra Zanovello,45.305664,11.696812,27/04/18,2.353043556,4,27,1.09,1.5,3.3
11,2018,CT,Chardonnay,Az Ca’ Lustra Zanovello,45.305664,11.696812,07/08/18,NA,8,7,1.09,1.5,3.3
11,2018,CT,Chardonnay,Az Ca’ Lustra Zanovello,45.305664,11.696812,26/03/18,-0.649116278,3,26,1.09,1.5,3.3
11,2018,CT,Chardonnay,Az Ca’ Lustra Zanovello,45.305664,11.696812,17/08/18,0.804299593,8,17,1.09,1.5,3.3
11,2018,CT,Chardonnay,Az Ca’ Lustra Zanovello,45.305664,11.696812,21/11/18,-1.417398453,11,21,1.09,1.5,3.3
11,2018,CT,Chardonnay,Az Ca’ Lustra Zanovello,45.305664,11.696812,21/01/18,1.411106229,1,21,1.09,1.5,3.3
11,2019,CT,Chardonnay,Az Ca’ Lustra Zanovello,45.305664,11.696812,21/09/19,-6.339378357,9,21,1.1,1.5,3.3
11,2019,CT,Chardonnay,Az Ca’ Lustra Zanovello,45.305664,11.696812,26/12/19,4.867183208,12,26,1.1,1.5,3.3
11,2019,CT,Chardonnay,Az Ca’ Lustra Zanovello,45.305664,11.696812,23/10/19,-1.476821065,10,23,1.1,1.5,3.3
11,2019,CT,Chardonnay,Az Ca’ Lustra Zanovello,45.305664,11.696812,03/07/19,0.780776322,7,3,1.1,1.5,3.3
11,2019,CT,Chardonnay,Az Ca’ Lustra Zanovello,45.305664,11.696812,04/08/19,-0.933676302,8,4,1.1,1.5,3.3
11,2019,CT,Chardonnay,Az Ca’ Lustra Zanovello,45.305664,11.696812,19/07/19,-6.083252907,7,19,1.1,1.5,3.3
11,2019,CT,Chardonnay,Az Ca’ Lustra Zanovello,45.305664,11.696812,05/09/19,3.333975315,9,5,1.1,1.5,3.3
11,2019,CT,Chardonnay,Az Ca’ Lustra Zanovello,45.305664,11.696812,29/03/19,1.873792887,3,29,1.1,1.5,3.3
11,2019,CT,Chardonnay,Az Ca’ Lustra Zanovello,45.305664,11.696812,25/02/19,2.017618418,2,25,1.1,1.5,3.3
11,2019,CT,Chardonnay,Az Ca’ Lustra Zanovello,45.305664,11.696812,01/06/19,-1.385233998,6,1,1.1,1.5,3.3
11,2019,CT,Chardonnay,Az Ca’ Lustra Zanovello,45.305664,11.696812,24/01/19,-2.166814566,1,24,1.1,1.5,3.3
11,2020,CT,Chardonnay,Az Ca’ Lustra Zanovello,45.305664,11.696812,05/09/20,-12.49116516,9,5,0.98,3.1,1.9
11,2020,CT,Chardonnay,Az Ca’ Lustra Zanovello,45.305664,11.696812,25/10/20,0.779610515,10,25,0.98,3.1,1.9
11,2020,CT,Chardonnay,Az Ca’ Lustra Zanovello,45.305664,11.696812,26/11/20,-0.807527542,11,26,0.98,3.1,1.9
11,2020,CT,Chardonnay,Az Ca’ Lustra Zanovello,45.305664,11.696812,10/11/20,0.549191594,11,10,0.98,3.1,1.9
11,2020,CT,Chardonnay,Az Ca’ Lustra Zanovello,45.305664,11.696812,21/07/20,4.131531715,7,21,0.98,3.1,1.9
11,2020,CT,Chardonnay,Az Ca’ Lustra Zanovello,45.305664,11.696812,22/08/20,3.184781313,8,22,0.98,3.1,1.9
11,2020,CT,Chardonnay,Az Ca’ Lustra Zanovello,45.305664,11.696812,06/08/20,-0.977432787,8,6,0.98,3.1,1.9
11,2020,CT,Chardonnay,Az Ca’ Lustra Zanovello,45.305664,11.696812,12/02/20,4.950455666,2,12,0.98,3.1,1.9
11,2020,CT,Chardonnay,Az Ca’ Lustra Zanovello,45.305664,11.696812,11/01/20,2.883288145,1,11,0.98,3.1,1.9
11,2020,CT,Chardonnay,Az Ca’ Lustra Zanovello,45.305664,11.696812,28/02/20,2.888608217,2,28,0.98,3.1,1.9
11,2020,CT,Chardonnay,Az Ca’ Lustra Zanovello,45.305664,11.696812,05/07/20,0.159959152,7,5,0.98,3.1,1.9
11,2020,CT,Chardonnay,Az Ca’ Lustra Zanovello,45.305664,11.696812,15/03/20,0.583448946,3,15,0.98,3.1,1.9
11,2021,CT,Chardonnay,Az Ca’ Lustra Zanovello,45.305664,11.696812,29/11/21,-3.168451309,11,29,1.57,0.3,0.9
11,2021,CT,Chardonnay,Az Ca’ Lustra Zanovello,45.305664,11.696812,28/10/21,8.135696411,10,28,1.57,0.3,0.9
11,2021,CT,Chardonnay,Az Ca’ Lustra Zanovello,45.305664,11.696812,22/06/21,2.757142305,6,22,1.57,0.3,0.9
11,2021,CT,Chardonnay,Az Ca’ Lustra Zanovello,45.305664,11.696812,25/08/21,-1.298304319,8,25,1.57,0.3,0.9
11,2021,CT,Chardonnay,Az Ca’ Lustra Zanovello,45.305664,11.696812,09/08/21,6.272643566,8,9,1.57,0.3,0.9
11,2021,CT,Chardonnay,Az Ca’ Lustra Zanovello,45.305664,11.696812,10/09/21,3.618816853,9,10,1.57,0.3,0.9
11,2021,CT,Chardonnay,Az Ca’ Lustra Zanovello,45.305664,11.696812,14/02/21,-0.935100496,2,14,1.57,0.3,0.9
11,2021,CT,Chardonnay,Az Ca’ Lustra Zanovello,45.305664,11.696812,13/01/21,-1.296092153,1,13,1.57,0.3,0.9
11,2021,CT,Chardonnay,Az Ca’ Lustra Zanovello,45.305664,11.696812,28/10/21,1.785851359,10,28,1.57,0.3,0.9
11,2021,CT,Chardonnay,Az Ca’ Lustra Zanovello,45.305664,11.696812,02/03/21,3.428753376,3,2,1.57,0.3,0.9
12,2018,CT,Merlot,Az Ca’ Lustra Zanovello,45.303423,11.691333,04/10/18,-0.55382365,10,4,0.81,3.2,2.6
12,2018,CT,Merlot,Az Ca’ Lustra Zanovello,45.303423,11.691333,26/03/18,-2.492738008,3,26,0.81,3.2,2.6
12,2018,CT,Merlot,Az Ca’ Lustra Zanovello,45.303423,11.691333,17/08/18,0.944849074,8,17,0.81,3.2,2.6
12,2018,CT,Merlot,Az Ca’ Lustra Zanovello,45.303423,11.691333,21/11/18,-1.5330019,11,21,0.81,3.2,2.6
12,2018,CT,Merlot,Az Ca’ Lustra Zanovello,45.303423,11.691333,07/08/18,NA,8,7,0.81,3.2,2.6
12,2018,CT,Merlot,Az Ca’ Lustra Zanovello,45.303423,11.691333,21/01/18,1.586591363,1,21,0.81,3.2,2.6
12,2018,CT,Merlot,Az Ca’ Lustra Zanovello,45.303423,11.691333,27/04/18,1.595008254,4,27,0.81,3.2,2.6
12,2018,CT,Merlot,Az Ca’ Lustra Zanovello,45.303423,11.691333,30/06/18,0.904604793,6,30,0.81,3.2,2.6
12,2019,CT,Merlot,Az Ca’ Lustra Zanovello,45.303423,11.691333,05/09/19,3.599358082,9,5,0.8,3.2,2.6
12,2019,CT,Merlot,Az Ca’ Lustra Zanovello,45.303423,11.691333,04/08/19,-0.190337449,8,4,0.8,3.2,2.6
12,2019,CT,Merlot,Az Ca’ Lustra Zanovello,45.303423,11.691333,21/09/19,-5.622225285,9,21,0.8,3.2,2.6
12,2019,CT,Merlot,Az Ca’ Lustra Zanovello,45.303423,11.691333,19/07/19,-7.705900192,7,19,0.8,3.2,2.6
12,2019,CT,Merlot,Az Ca’ Lustra Zanovello,45.303423,11.691333,29/03/19,2.348252058,3,29,0.8,3.2,2.6
12,2019,CT,Merlot,Az Ca’ Lustra Zanovello,45.303423,11.691333,23/10/19,-1.013588071,10,23,0.8,3.2,2.6
12,2019,CT,Merlot,Az Ca’ Lustra Zanovello,45.303423,11.691333,25/02/19,2.324353218,2,25,0.8,3.2,2.6
12,2019,CT,Merlot,Az Ca’ Lustra Zanovello,45.303423,11.691333,01/06/19,-1.865872502,6,1,0.8,3.2,2.6
12,2019,CT,Merlot,Az Ca’ Lustra Zanovello,45.303423,11.691333,26/12/19,4.589814663,12,26,0.8,3.2,2.6
12,2019,CT,Merlot,Az Ca’ Lustra Zanovello,45.303423,11.691333,03/07/19,0.35471493,7,3,0.8,3.2,2.6
12,2019,CT,Merlot,Az Ca’ Lustra Zanovello,45.303423,11.691333,24/01/19,-1.178547263,1,24,0.8,3.2,2.6
12,2020,CT,Merlot,Az Ca’ Lustra Zanovello,45.303423,11.691333,22/08/20,4.442867279,8,22,1.66,3.9,0.4
12,2020,CT,Merlot,Az Ca’ Lustra Zanovello,45.303423,11.691333,06/08/20,-0.024935994,8,6,1.66,3.9,0.4
12,2020,CT,Merlot,Az Ca’ Lustra Zanovello,45.303423,11.691333,21/07/20,6.446334839,7,21,1.66,3.9,0.4
12,2020,CT,Merlot,Az Ca’ Lustra Zanovello,45.303423,11.691333,28/02/20,3.014029503,2,28,1.66,3.9,0.4
12,2020,CT,Merlot,Az Ca’ Lustra Zanovello,45.303423,11.691333,25/10/20,1.105214,10,25,1.66,3.9,0.4
12,2020,CT,Merlot,Az Ca’ Lustra Zanovello,45.303423,11.691333,05/09/20,-11.80051613,9,5,1.66,3.9,0.4
12,2020,CT,Merlot,Az Ca’ Lustra Zanovello,45.303423,11.691333,15/03/20,0.893124282,3,15,1.66,3.9,0.4
12,2020,CT,Merlot,Az Ca’ Lustra Zanovello,45.303423,11.691333,10/11/20,1.013468385,11,10,1.66,3.9,0.4
12,2020,CT,Merlot,Az Ca’ Lustra Zanovello,45.303423,11.691333,05/07/20,2.594396114,7,5,1.66,3.9,0.4
12,2020,CT,Merlot,Az Ca’ Lustra Zanovello,45.303423,11.691333,26/11/20,-0.657651842,11,26,1.66,3.9,0.4
12,2020,CT,Merlot,Az Ca’ Lustra Zanovello,45.303423,11.691333,11/01/20,2.59276557,1,11,1.66,3.9,0.4
12,2020,CT,Merlot,Az Ca’ Lustra Zanovello,45.303423,11.691333,12/02/20,4.355922699,2,12,1.66,3.9,0.4
12,2021,CT,Merlot,Az Ca’ Lustra Zanovello,45.303423,11.691333,25/08/21,-0.089321047,8,25,1.59,0.9,0.5
12,2021,CT,Merlot,Az Ca’ Lustra Zanovello,45.303423,11.691333,28/10/21,1.48562324,10,28,1.59,0.9,0.5
12,2021,CT,Merlot,Az Ca’ Lustra Zanovello,45.303423,11.691333,10/09/21,3.952761173,9,10,1.59,0.9,0.5
12,2021,CT,Merlot,Az Ca’ Lustra Zanovello,45.303423,11.691333,28/10/21,7.622101784,10,28,1.59,0.9,0.5
12,2021,CT,Merlot,Az Ca’ Lustra Zanovello,45.303423,11.691333,13/01/21,-1.341627836,1,13,1.59,0.9,0.5
12,2021,CT,Merlot,Az Ca’ Lustra Zanovello,45.303423,11.691333,02/03/21,4.334239483,3,2,1.59,0.9,0.5
12,2021,CT,Merlot,Az Ca’ Lustra Zanovello,45.303423,11.691333,29/11/21,-2.955239773,11,29,1.59,0.9,0.5
12,2021,CT,Merlot,Az Ca’ Lustra Zanovello,45.303423,11.691333,14/02/21,-1.074878097,2,14,1.59,0.9,0.5
12,2021,CT,Merlot,Az Ca’ Lustra Zanovello,45.303423,11.691333,22/06/21,3.442969084,6,22,1.59,0.9,0.5
12,2021,CT,Merlot,Az Ca’ Lustra Zanovello,45.303423,11.691333,09/08/21,7.861866474,8,9,1.59,0.9,0.5
13,2018,CT,Moscato giallo,Az Ca’ Lustra Zanovello,45.302492,11.690781,07/08/18,NA,8,7,1.15,1,2.4
13,2018,CT,Moscato giallo,Az Ca’ Lustra Zanovello,45.302492,11.690781,17/08/18,0.457054824,8,17,1.15,1,2.4
13,2018,CT,Moscato giallo,Az Ca’ Lustra Zanovello,45.302492,11.690781,21/11/18,-1.986034632,11,21,1.15,1,2.4
13,2018,CT,Moscato giallo,Az Ca’ Lustra Zanovello,45.302492,11.690781,30/06/18,2.813076496,6,30,1.15,1,2.4
13,2018,CT,Moscato giallo,Az Ca’ Lustra Zanovello,45.302492,11.690781,21/01/18,1.015078425,1,21,1.15,1,2.4
13,2018,CT,Moscato giallo,Az Ca’ Lustra Zanovello,45.302492,11.690781,27/04/18,1.121727347,4,27,1.15,1,2.4
13,2018,CT,Moscato giallo,Az Ca’ Lustra Zanovello,45.302492,11.690781,04/10/18,-0.609667599,10,4,1.15,1,2.4
13,2018,CT,Moscato giallo,Az Ca’ Lustra Zanovello,45.302492,11.690781,26/03/18,-2.735739708,3,26,1.15,1,2.4
13,2019,CT,Moscato giallo,Az Ca’ Lustra Zanovello,45.302492,11.690781,26/12/19,4.68163538,12,26,1.1,1,2.4
13,2019,CT,Moscato giallo,Az Ca’ Lustra Zanovello,45.302492,11.690781,04/08/19,-0.216498926,8,4,1.1,1,2.4
13,2019,CT,Moscato giallo,Az Ca’ Lustra Zanovello,45.302492,11.690781,24/01/19,-1.431816697,1,24,1.1,1,2.4
13,2019,CT,Moscato giallo,Az Ca’ Lustra Zanovello,45.302492,11.690781,05/09/19,3.747463703,9,5,1.1,1,2.4
13,2019,CT,Moscato giallo,Az Ca’ Lustra Zanovello,45.302492,11.690781,23/10/19,-1.029905677,10,23,1.1,1,2.4
13,2019,CT,Moscato giallo,Az Ca’ Lustra Zanovello,45.302492,11.690781,25/02/19,1.855909705,2,25,1.1,1,2.4
13,2019,CT,Moscato giallo,Az Ca’ Lustra Zanovello,45.302492,11.690781,21/09/19,-6.281128883,9,21,1.1,1,2.4
13,2019,CT,Moscato giallo,Az Ca’ Lustra Zanovello,45.302492,11.690781,19/07/19,-7.425709248,7,19,1.1,1,2.4
13,2019,CT,Moscato giallo,Az Ca’ Lustra Zanovello,45.302492,11.690781,29/03/19,1.241598964,3,29,1.1,1,2.4
13,2019,CT,Moscato giallo,Az Ca’ Lustra Zanovello,45.302492,11.690781,03/07/19,0.672377884,7,3,1.1,1,2.4
13,2019,CT,Moscato giallo,Az Ca’ Lustra Zanovello,45.302492,11.690781,01/06/19,-1.18538475,6,1,1.1,1,2.4
13,2020,CT,Moscato giallo,Az Ca’ Lustra Zanovello,45.302492,11.690781,10/11/20,0.778022766,11,10,0.91,1.6,2.4
13,2020,CT,Moscato giallo,Az Ca’ Lustra Zanovello,45.302492,11.690781,26/11/20,-0.720398247,11,26,0.91,1.6,2.4
13,2020,CT,Moscato giallo,Az Ca’ Lustra Zanovello,45.302492,11.690781,11/01/20,2.47121644,1,11,0.91,1.6,2.4
13,2020,CT,Moscato giallo,Az Ca’ Lustra Zanovello,45.302492,11.690781,22/08/20,3.521107435,8,22,0.91,1.6,2.4
13,2020,CT,Moscato giallo,Az Ca’ Lustra Zanovello,45.302492,11.690781,12/02/20,3.481758118,2,12,0.91,1.6,2.4
13,2020,CT,Moscato giallo,Az Ca’ Lustra Zanovello,45.302492,11.690781,05/09/20,-12.53871918,9,5,0.91,1.6,2.4
13,2020,CT,Moscato giallo,Az Ca’ Lustra Zanovello,45.302492,11.690781,15/03/20,0.953241467,3,15,0.91,1.6,2.4
13,2020,CT,Moscato giallo,Az Ca’ Lustra Zanovello,45.302492,11.690781,28/02/20,3.036121845,2,28,0.91,1.6,2.4
13,2020,CT,Moscato giallo,Az Ca’ Lustra Zanovello,45.302492,11.690781,25/10/20,0.737569392,10,25,0.91,1.6,2.4
13,2020,CT,Moscato giallo,Az Ca’ Lustra Zanovello,45.302492,11.690781,06/08/20,-1.33458674,8,6,0.91,1.6,2.4
13,2020,CT,Moscato giallo,Az Ca’ Lustra Zanovello,45.302492,11.690781,21/07/20,4.145087719,7,21,0.91,1.6,2.4
13,2020,CT,Moscato giallo,Az Ca’ Lustra Zanovello,45.302492,11.690781,05/07/20,0.241227463,7,5,0.91,1.6,2.4
13,2021,CT,Moscato giallo,Az Ca’ Lustra Zanovello,45.302492,11.690781,25/08/21,-0.708091021,8,25,1.12,0.4,1.5
13,2021,CT,Moscato giallo,Az Ca’ Lustra Zanovello,45.302492,11.690781,10/09/21,2.822746754,9,10,1.12,0.4,1.5
13,2021,CT,Moscato giallo,Az Ca’ Lustra Zanovello,45.302492,11.690781,28/10/21,7.289049625,10,28,1.12,0.4,1.5
13,2021,CT,Moscato giallo,Az Ca’ Lustra Zanovello,45.302492,11.690781,13/01/21,-1.491690397,1,13,1.12,0.4,1.5
13,2021,CT,Moscato giallo,Az Ca’ Lustra Zanovello,45.302492,11.690781,28/10/21,1.249612451,10,28,1.12,0.4,1.5
13,2021,CT,Moscato giallo,Az Ca’ Lustra Zanovello,45.302492,11.690781,29/11/21,-2.824307203,11,29,1.12,0.4,1.5
13,2021,CT,Moscato giallo,Az Ca’ Lustra Zanovello,45.302492,11.690781,14/02/21,-1.399199605,2,14,1.12,0.4,1.5
13,2021,CT,Moscato giallo,Az Ca’ Lustra Zanovello,45.302492,11.690781,22/06/21,1.811451554,6,22,1.12,0.4,1.5
13,2021,CT,Moscato giallo,Az Ca’ Lustra Zanovello,45.302492,11.690781,02/03/21,4.300706863,3,2,1.12,0.4,1.5
13,2021,CT,Moscato giallo,Az Ca’ Lustra Zanovello,45.302492,11.690781,09/08/21,6.590700626,8,9,1.12,0.4,1.5
14,2018,CT,Glera,Az Ca’ Lustra Zanovello,45.305964,11.693174,04/10/18,-0.331044763,10,4,1.09,0.7,2.2
14,2018,CT,Glera,Az Ca’ Lustra Zanovello,45.305964,11.693174,21/11/18,-1.80556941,11,21,1.09,0.7,2.2
14,2018,CT,Glera,Az Ca’ Lustra Zanovello,45.305964,11.693174,07/08/18,NA,8,7,1.09,0.7,2.2
14,2018,CT,Glera,Az Ca’ Lustra Zanovello,45.305964,11.693174,30/06/18,1.840435028,6,30,1.09,0.7,2.2
14,2018,CT,Glera,Az Ca’ Lustra Zanovello,45.305964,11.693174,17/08/18,0.83267206,8,17,1.09,0.7,2.2
14,2018,CT,Glera,Az Ca’ Lustra Zanovello,45.305964,11.693174,27/04/18,2.451311588,4,27,1.09,0.7,2.2
14,2018,CT,Glera,Az Ca’ Lustra Zanovello,45.305964,11.693174,26/03/18,-1.680125117,3,26,1.09,0.7,2.2
14,2018,CT,Glera,Az Ca’ Lustra Zanovello,45.305964,11.693174,21/01/18,1.158965111,1,21,1.09,0.7,2.2
14,2019,CT,Glera,Az Ca’ Lustra Zanovello,45.305964,11.693174,25/02/19,2.001492262,2,25,0.9,1.3,3.5
14,2019,CT,Glera,Az Ca’ Lustra Zanovello,45.305964,11.693174,26/12/19,5.769068241,12,26,0.9,1.3,3.5
14,2019,CT,Glera,Az Ca’ Lustra Zanovello,45.305964,11.693174,23/10/19,-1.587745428,10,23,0.9,1.3,3.5
14,2019,CT,Glera,Az Ca’ Lustra Zanovello,45.305964,11.693174,01/06/19,-1.127067804,6,1,0.9,1.3,3.5
14,2019,CT,Glera,Az Ca’ Lustra Zanovello,45.305964,11.693174,24/01/19,-1.551239014,1,24,0.9,1.3,3.5
14,2019,CT,Glera,Az Ca’ Lustra Zanovello,45.305964,11.693174,29/03/19,2.100184441,3,29,0.9,1.3,3.5
14,2019,CT,Glera,Az Ca’ Lustra Zanovello,45.305964,11.693174,03/07/19,0.555204153,7,3,0.9,1.3,3.5
14,2019,CT,Glera,Az Ca’ Lustra Zanovello,45.305964,11.693174,04/08/19,-0.247410372,8,4,0.9,1.3,3.5
14,2019,CT,Glera,Az Ca’ Lustra Zanovello,45.305964,11.693174,21/09/19,-5.882854462,9,21,0.9,1.3,3.5
14,2019,CT,Glera,Az Ca’ Lustra Zanovello,45.305964,11.693174,19/07/19,-7.198099136,7,19,0.9,1.3,3.5
14,2019,CT,Glera,Az Ca’ Lustra Zanovello,45.305964,11.693174,05/09/19,3.58013773,9,5,0.9,1.3,3.5
14,2020,CT,Glera,Az Ca’ Lustra Zanovello,45.305964,11.693174,11/01/20,3.081571102,1,11,0.93,1.3,2.5
14,2020,CT,Glera,Az Ca’ Lustra Zanovello,45.305964,11.693174,28/02/20,3.167958021,2,28,0.93,1.3,2.5
14,2020,CT,Glera,Az Ca’ Lustra Zanovello,45.305964,11.693174,15/03/20,0.577961087,3,15,0.93,1.3,2.5
14,2020,CT,Glera,Az Ca’ Lustra Zanovello,45.305964,11.693174,10/11/20,0.741701722,11,10,0.93,1.3,2.5
14,2020,CT,Glera,Az Ca’ Lustra Zanovello,45.305964,11.693174,05/07/20,1.538091421,7,5,0.93,1.3,2.5
14,2020,CT,Glera,Az Ca’ Lustra Zanovello,45.305964,11.693174,12/02/20,3.694463968,2,12,0.93,1.3,2.5
14,2020,CT,Glera,Az Ca’ Lustra Zanovello,45.305964,11.693174,26/11/20,-0.783569992,11,26,0.93,1.3,2.5
14,2020,CT,Glera,Az Ca’ Lustra Zanovello,45.305964,11.693174,05/09/20,-10.71384811,9,5,0.93,1.3,2.5
14,2020,CT,Glera,Az Ca’ Lustra Zanovello,45.305964,11.693174,21/07/20,3.646600723,7,21,0.93,1.3,2.5
14,2020,CT,Glera,Az Ca’ Lustra Zanovello,45.305964,11.693174,22/08/20,4.084156036,8,22,0.93,1.3,2.5
14,2020,CT,Glera,Az Ca’ Lustra Zanovello,45.305964,11.693174,06/08/20,-0.442984164,8,6,0.93,1.3,2.5
14,2020,CT,Glera,Az Ca’ Lustra Zanovello,45.305964,11.693174,25/10/20,0.49351719,10,25,0.93,1.3,2.5
14,2021,CT,Glera,Az Ca’ Lustra Zanovello,45.305964,11.693174,28/10/21,7.328363895,10,28,0.99,0.3,1.9
14,2021,CT,Glera,Az Ca’ Lustra Zanovello,45.305964,11.693174,13/01/21,-1.291465759,1,13,0.99,0.3,1.9
14,2021,CT,Glera,Az Ca’ Lustra Zanovello,45.305964,11.693174,02/03/21,3.274279833,3,2,0.99,0.3,1.9
14,2021,CT,Glera,Az Ca’ Lustra Zanovello,45.305964,11.693174,29/11/21,-3.24234128,11,29,0.99,0.3,1.9
14,2021,CT,Glera,Az Ca’ Lustra Zanovello,45.305964,11.693174,10/09/21,2.995369434,9,10,0.99,0.3,1.9
14,2021,CT,Glera,Az Ca’ Lustra Zanovello,45.305964,11.693174,22/06/21,1.43780899,6,22,0.99,0.3,1.9
14,2021,CT,Glera,Az Ca’ Lustra Zanovello,45.305964,11.693174,25/08/21,-1.308424115,8,25,0.99,0.3,1.9
14,2021,CT,Glera,Az Ca’ Lustra Zanovello,45.305964,11.693174,09/08/21,6.694198132,8,9,0.99,0.3,1.9
14,2021,CT,Glera,Az Ca’ Lustra Zanovello,45.305964,11.693174,14/02/21,-1.239578962,2,14,0.99,0.3,1.9
14,2021,CT,Glera,Az Ca’ Lustra Zanovello,45.305964,11.693174,28/10/21,1.628055811,10,28,0.99,0.3,1.9
15,2018,SU,Chardonnay,Az. Il Filò delle Vigne,45.24539,11.700875,04/10/18,-1.297822952,10,4,1.26,1.5,2.7
15,2018,SU,Chardonnay,Az. Il Filò delle Vigne,45.24539,11.700875,21/11/18,-2.063354492,11,21,1.26,1.5,2.7
15,2018,SU,Chardonnay,Az. Il Filò delle Vigne,45.24539,11.700875,07/08/18,2.882989645,8,7,1.26,1.5,2.7
15,2018,SU,Chardonnay,Az. Il Filò delle Vigne,45.24539,11.700875,21/01/18,1.050149798,1,21,1.26,1.5,2.7
15,2018,SU,Chardonnay,Az. Il Filò delle Vigne,45.24539,11.700875,27/04/18,3.550656796,4,27,1.26,1.5,2.7
15,2018,SU,Chardonnay,Az. Il Filò delle Vigne,45.24539,11.700875,26/03/18,-3.101535082,3,26,1.26,1.5,2.7
15,2018,SU,Chardonnay,Az. Il Filò delle Vigne,45.24539,11.700875,30/06/18,1.965407014,6,30,1.26,1.5,2.7
15,2018,SU,Chardonnay,Az. Il Filò delle Vigne,45.24539,11.700875,17/08/18,-0.27110517,8,17,1.26,1.5,2.7
15,2019,SU,Chardonnay,Az. Il Filò delle Vigne,45.24539,11.700875,05/09/19,2.940238476,9,5,1.3,1.5,2.7
15,2019,SU,Chardonnay,Az. Il Filò delle Vigne,45.24539,11.700875,23/10/19,1.837713003,10,23,1.3,1.5,2.7
15,2019,SU,Chardonnay,Az. Il Filò delle Vigne,45.24539,11.700875,04/08/19,-0.475525022,8,4,1.3,1.5,2.7
15,2019,SU,Chardonnay,Az. Il Filò delle Vigne,45.24539,11.700875,21/09/19,-3.963290691,9,21,1.3,1.5,2.7
15,2019,SU,Chardonnay,Az. Il Filò delle Vigne,45.24539,11.700875,26/12/19,3.13749218,12,26,1.3,1.5,2.7
15,2019,SU,Chardonnay,Az. Il Filò delle Vigne,45.24539,11.700875,29/03/19,2.292053938,3,29,1.3,1.5,2.7
15,2019,SU,Chardonnay,Az. Il Filò delle Vigne,45.24539,11.700875,03/07/19,2.199245691,7,3,1.3,1.5,2.7
15,2019,SU,Chardonnay,Az. Il Filò delle Vigne,45.24539,11.700875,01/06/19,-1.083941817,6,1,1.3,1.5,2.7
15,2019,SU,Chardonnay,Az. Il Filò delle Vigne,45.24539,11.700875,19/07/19,-7.368219852,7,19,1.3,1.5,2.7
15,2019,SU,Chardonnay,Az. Il Filò delle Vigne,45.24539,11.700875,24/01/19,-0.965754569,1,24,1.3,1.5,2.7
15,2019,SU,Chardonnay,Az. Il Filò delle Vigne,45.24539,11.700875,25/02/19,1.09578836,2,25,1.3,1.5,2.7
15,2020,SU,Chardonnay,Az. Il Filò delle Vigne,45.24539,11.700875,06/08/20,-2.391706705,8,6,1.25,1.9,1.8
15,2020,SU,Chardonnay,Az. Il Filò delle Vigne,45.24539,11.700875,10/11/20,-1.918631792,11,10,1.25,1.9,1.8
15,2020,SU,Chardonnay,Az. Il Filò delle Vigne,45.24539,11.700875,22/08/20,3.198404074,8,22,1.25,1.9,1.8
15,2020,SU,Chardonnay,Az. Il Filò delle Vigne,45.24539,11.700875,25/10/20,-0.397737771,10,25,1.25,1.9,1.8
15,2020,SU,Chardonnay,Az. Il Filò delle Vigne,45.24539,11.700875,05/09/20,-15.18682671,9,5,1.25,1.9,1.8
15,2020,SU,Chardonnay,Az. Il Filò delle Vigne,45.24539,11.700875,15/03/20,0.539007723,3,15,1.25,1.9,1.8
15,2020,SU,Chardonnay,Az. Il Filò delle Vigne,45.24539,11.700875,21/07/20,2.001113415,7,21,1.25,1.9,1.8
15,2020,SU,Chardonnay,Az. Il Filò delle Vigne,45.24539,11.700875,05/07/20,0.06418249,7,5,1.25,1.9,1.8
15,2020,SU,Chardonnay,Az. Il Filò delle Vigne,45.24539,11.700875,26/11/20,-3.043928146,11,26,1.25,1.9,1.8
15,2020,SU,Chardonnay,Az. Il Filò delle Vigne,45.24539,11.700875,11/01/20,1.703970313,1,11,1.25,1.9,1.8
15,2020,SU,Chardonnay,Az. Il Filò delle Vigne,45.24539,11.700875,28/02/20,3.464869976,2,28,1.25,1.9,1.8
15,2020,SU,Chardonnay,Az. Il Filò delle Vigne,45.24539,11.700875,12/02/20,2.816605568,2,12,1.25,1.9,1.8
15,2021,SU,Chardonnay,Az. Il Filò delle Vigne,45.24539,11.700875,28/10/21,1.375036001,10,28,1.53,0.6,0.6
15,2021,SU,Chardonnay,Az. Il Filò delle Vigne,45.24539,11.700875,10/09/21,2.116258144,9,10,1.53,0.6,0.6
15,2021,SU,Chardonnay,Az. Il Filò delle Vigne,45.24539,11.700875,28/10/21,6.999110222,10,28,1.53,0.6,0.6
15,2021,SU,Chardonnay,Az. Il Filò delle Vigne,45.24539,11.700875,02/03/21,2.02296114,3,2,1.53,0.6,0.6
15,2021,SU,Chardonnay,Az. Il Filò delle Vigne,45.24539,11.700875,29/11/21,-3.426256657,11,29,1.53,0.6,0.6
15,2021,SU,Chardonnay,Az. Il Filò delle Vigne,45.24539,11.700875,14/02/21,-2.613983154,2,14,1.53,0.6,0.6
15,2021,SU,Chardonnay,Az. Il Filò delle Vigne,45.24539,11.700875,22/06/21,3.239405155,6,22,1.53,0.6,0.6
15,2021,SU,Chardonnay,Az. Il Filò delle Vigne,45.24539,11.700875,25/08/21,-1.996391654,8,25,1.53,0.6,0.6
15,2021,SU,Chardonnay,Az. Il Filò delle Vigne,45.24539,11.700875,09/08/21,6.150791168,8,9,1.53,0.6,0.6
15,2021,SU,Chardonnay,Az. Il Filò delle Vigne,45.24539,11.700875,13/01/21,-2.876625538,1,13,1.53,0.6,0.6
16,2018,SU,Merlot,Az. Il Mottolo,45.251184,11.704945,04/10/18,-0.646889508,10,4,1.76,4.3,0.5
16,2018,SU,Merlot,Az. Il Mottolo,45.251184,11.704945,21/11/18,-0.670838773,11,21,1.76,4.3,0.5
16,2018,SU,Merlot,Az. Il Mottolo,45.251184,11.704945,07/08/18,2.409271479,8,7,1.76,4.3,0.5
16,2018,SU,Merlot,Az. Il Mottolo,45.251184,11.704945,30/06/18,2.477730989,6,30,1.76,4.3,0.5
16,2018,SU,Merlot,Az. Il Mottolo,45.251184,11.704945,17/08/18,0.908094406,8,17,1.76,4.3,0.5
16,2018,SU,Merlot,Az. Il Mottolo,45.251184,11.704945,27/04/18,2.524608135,4,27,1.76,4.3,0.5
16,2018,SU,Merlot,Az. Il Mottolo,45.251184,11.704945,26/03/18,-2.962944984,3,26,1.76,4.3,0.5
16,2018,SU,Merlot,Az. Il Mottolo,45.251184,11.704945,21/01/18,1.844551086,1,21,1.76,4.3,0.5
16,2019,SU,Merlot,Az. Il Mottolo,45.251184,11.704945,03/07/19,4.485684872,7,3,1.8,4.3,0.5
16,2019,SU,Merlot,Az. Il Mottolo,45.251184,11.704945,04/08/19,-0.974508166,8,4,1.8,4.3,0.5
16,2019,SU,Merlot,Az. Il Mottolo,45.251184,11.704945,19/07/19,-6.125371933,7,19,1.8,4.3,0.5
16,2019,SU,Merlot,Az. Il Mottolo,45.251184,11.704945,05/09/19,6.49600172,9,5,1.8,4.3,0.5
16,2019,SU,Merlot,Az. Il Mottolo,45.251184,11.704945,23/10/19,2.075136423,10,23,1.8,4.3,0.5
16,2019,SU,Merlot,Az. Il Mottolo,45.251184,11.704945,01/06/19,1.716106057,6,1,1.8,4.3,0.5
16,2019,SU,Merlot,Az. Il Mottolo,45.251184,11.704945,24/01/19,0.531398356,1,24,1.8,4.3,0.5
16,2019,SU,Merlot,Az. Il Mottolo,45.251184,11.704945,29/03/19,5.757693291,3,29,1.8,4.3,0.5
16,2019,SU,Merlot,Az. Il Mottolo,45.251184,11.704945,25/02/19,2.527570724,2,25,1.8,4.3,0.5
16,2019,SU,Merlot,Az. Il Mottolo,45.251184,11.704945,21/09/19,-3.428650379,9,21,1.8,4.3,0.5
16,2019,SU,Merlot,Az. Il Mottolo,45.251184,11.704945,26/12/19,3.036788464,12,26,1.8,4.3,0.5
16,2020,SU,Merlot,Az. Il Mottolo,45.251184,11.704945,05/07/20,-0.983463943,7,5,1.81,4.1,0.3
16,2020,SU,Merlot,Az. Il Mottolo,45.251184,11.704945,21/07/20,1.419000864,7,21,1.81,4.1,0.3
16,2020,SU,Merlot,Az. Il Mottolo,45.251184,11.704945,22/08/20,3.418554306,8,22,1.81,4.1,0.3
16,2020,SU,Merlot,Az. Il Mottolo,45.251184,11.704945,15/03/20,1.221306562,3,15,1.81,4.1,0.3
16,2020,SU,Merlot,Az. Il Mottolo,45.251184,11.704945,11/01/20,1.3667413,1,11,1.81,4.1,0.3
16,2020,SU,Merlot,Az. Il Mottolo,45.251184,11.704945,28/02/20,4.288129807,2,28,1.81,4.1,0.3
16,2020,SU,Merlot,Az. Il Mottolo,45.251184,11.704945,06/08/20,-3.590011358,8,6,1.81,4.1,0.3
16,2020,SU,Merlot,Az. Il Mottolo,45.251184,11.704945,12/02/20,3.906466007,2,12,1.81,4.1,0.3
16,2020,SU,Merlot,Az. Il Mottolo,45.251184,11.704945,05/09/20,-14.92490959,9,5,1.81,4.1,0.3
16,2020,SU,Merlot,Az. Il Mottolo,45.251184,11.704945,10/11/20,-1.561849356,11,10,1.81,4.1,0.3
16,2020,SU,Merlot,Az. Il Mottolo,45.251184,11.704945,25/10/20,0.458727151,10,25,1.81,4.1,0.3
16,2020,SU,Merlot,Az. Il Mottolo,45.251184,11.704945,26/11/20,-2.821161747,11,26,1.81,4.1,0.3
16,2021,SU,Merlot,Az. Il Mottolo,45.251184,11.704945,28/10/21,7.654724598,10,28,1.57,0.8,0.4
16,2021,SU,Merlot,Az. Il Mottolo,45.251184,11.704945,09/08/21,5.37272644,8,9,1.57,0.8,0.4
16,2021,SU,Merlot,Az. Il Mottolo,45.251184,11.704945,10/09/21,1.362960458,9,10,1.57,0.8,0.4
16,2021,SU,Merlot,Az. Il Mottolo,45.251184,11.704945,22/06/21,3.820206881,6,22,1.57,0.8,0.4
16,2021,SU,Merlot,Az. Il Mottolo,45.251184,11.704945,25/08/21,-2.577817917,8,25,1.57,0.8,0.4
16,2021,SU,Merlot,Az. Il Mottolo,45.251184,11.704945,28/10/21,0.890512764,10,28,1.57,0.8,0.4
16,2021,SU,Merlot,Az. Il Mottolo,45.251184,11.704945,29/11/21,-2.010473251,11,29,1.57,0.8,0.4
16,2021,SU,Merlot,Az. Il Mottolo,45.251184,11.704945,14/02/21,-1.883563399,2,14,1.57,0.8,0.4
16,2021,SU,Merlot,Az. Il Mottolo,45.251184,11.704945,13/01/21,-2.022521496,1,13,1.57,0.8,0.4
16,2021,SU,Merlot,Az. Il Mottolo,45.251184,11.704945,02/03/21,3.265883207,3,2,1.57,0.8,0.4
17,2018,SU,Carbernet Sauvignon,Az. Il Mottolo,45.251184,11.704945,07/08/18,4.28988409,8,7,1.38,2.2,1.1
17,2018,SU,Carbernet Sauvignon,Az. Il Mottolo,45.251184,11.704945,21/11/18,-1.487553,11,21,1.38,2.2,1.1
17,2018,SU,Carbernet Sauvignon,Az. Il Mottolo,45.251184,11.704945,27/04/18,3.889070511,4,27,1.38,2.2,1.1
17,2018,SU,Carbernet Sauvignon,Az. Il Mottolo,45.251184,11.704945,04/10/18,-0.358663946,10,4,1.38,2.2,1.1
17,2018,SU,Carbernet Sauvignon,Az. Il Mottolo,45.251184,11.704945,26/03/18,-1.653562069,3,26,1.38,2.2,1.1
17,2018,SU,Carbernet Sauvignon,Az. Il Mottolo,45.251184,11.704945,17/08/18,1.276608586,8,17,1.38,2.2,1.1
17,2018,SU,Carbernet Sauvignon,Az. Il Mottolo,45.251184,11.704945,21/01/18,1.055706143,1,21,1.38,2.2,1.1
17,2018,SU,Carbernet Sauvignon,Az. Il Mottolo,45.251184,11.704945,30/06/18,2.616719484,6,30,1.38,2.2,1.1
17,2019,SU,Carbernet Sauvignon,Az. Il Mottolo,45.251184,11.704945,29/03/19,4.261578083,3,29,1.4,2.2,1.1
17,2019,SU,Carbernet Sauvignon,Az. Il Mottolo,45.251184,11.704945,26/12/19,3.456845045,12,26,1.4,2.2,1.1
17,2019,SU,Carbernet Sauvignon,Az. Il Mottolo,45.251184,11.704945,03/07/19,1.970556498,7,3,1.4,2.2,1.1
17,2019,SU,Carbernet Sauvignon,Az. Il Mottolo,45.251184,11.704945,25/02/19,1.596287727,2,25,1.4,2.2,1.1
17,2019,SU,Carbernet Sauvignon,Az. Il Mottolo,45.251184,11.704945,01/06/19,-0.559950173,6,1,1.4,2.2,1.1
17,2019,SU,Carbernet Sauvignon,Az. Il Mottolo,45.251184,11.704945,19/07/19,-8.11416626,7,19,1.4,2.2,1.1
17,2019,SU,Carbernet Sauvignon,Az. Il Mottolo,45.251184,11.704945,05/09/19,4.48368454,9,5,1.4,2.2,1.1
17,2019,SU,Carbernet Sauvignon,Az. Il Mottolo,45.251184,11.704945,23/10/19,2.31423831,10,23,1.4,2.2,1.1
17,2019,SU,Carbernet Sauvignon,Az. Il Mottolo,45.251184,11.704945,04/08/19,-0.373283774,8,4,1.4,2.2,1.1
17,2019,SU,Carbernet Sauvignon,Az. Il Mottolo,45.251184,11.704945,24/01/19,-0.072639808,1,24,1.4,2.2,1.1
17,2019,SU,Carbernet Sauvignon,Az. Il Mottolo,45.251184,11.704945,21/09/19,-3.684771061,9,21,1.4,2.2,1.1
17,2020,SU,Carbernet Sauvignon,Az. Il Mottolo,45.251184,11.704945,28/02/20,4.86924839,2,28,1.52,0.4,1
17,2020,SU,Carbernet Sauvignon,Az. Il Mottolo,45.251184,11.704945,15/03/20,1.687661171,3,15,1.52,0.4,1
17,2020,SU,Carbernet Sauvignon,Az. Il Mottolo,45.251184,11.704945,21/07/20,0.909906805,7,21,1.52,0.4,1
17,2020,SU,Carbernet Sauvignon,Az. Il Mottolo,45.251184,11.704945,05/07/20,-0.013429429,7,5,1.52,0.4,1
17,2020,SU,Carbernet Sauvignon,Az. Il Mottolo,45.251184,11.704945,12/02/20,3.147914648,2,12,1.52,0.4,1
17,2020,SU,Carbernet Sauvignon,Az. Il Mottolo,45.251184,11.704945,26/11/20,-2.263554096,11,26,1.52,0.4,1
17,2020,SU,Carbernet Sauvignon,Az. Il Mottolo,45.251184,11.704945,11/01/20,2.229649544,1,11,1.52,0.4,1
17,2020,SU,Carbernet Sauvignon,Az. Il Mottolo,45.251184,11.704945,10/11/20,-1.577326059,11,10,1.52,0.4,1
17,2020,SU,Carbernet Sauvignon,Az. Il Mottolo,45.251184,11.704945,22/08/20,3.556649208,8,22,1.52,0.4,1
17,2020,SU,Carbernet Sauvignon,Az. Il Mottolo,45.251184,11.704945,06/08/20,-2.843407154,8,6,1.52,0.4,1
17,2020,SU,Carbernet Sauvignon,Az. Il Mottolo,45.251184,11.704945,05/09/20,-14.57777405,9,5,1.52,0.4,1
17,2020,SU,Carbernet Sauvignon,Az. Il Mottolo,45.251184,11.704945,25/10/20,0.373072475,10,25,1.52,0.4,1
17,2021,SU,Carbernet Sauvignon,Az. Il Mottolo,45.251184,11.704945,02/03/21,2.857972145,3,2,1.42,0.4,1.6
17,2021,SU,Carbernet Sauvignon,Az. Il Mottolo,45.251184,11.704945,29/11/21,-2.108449459,11,29,1.42,0.4,1.6
17,2021,SU,Carbernet Sauvignon,Az. Il Mottolo,45.251184,11.704945,10/09/21,2.075960159,9,10,1.42,0.4,1.6
17,2021,SU,Carbernet Sauvignon,Az. Il Mottolo,45.251184,11.704945,28/10/21,7.522614002,10,28,1.42,0.4,1.6
17,2021,SU,Carbernet Sauvignon,Az. Il Mottolo,45.251184,11.704945,25/08/21,-1.346701503,8,25,1.42,0.4,1.6
17,2021,SU,Carbernet Sauvignon,Az. Il Mottolo,45.251184,11.704945,09/08/21,6.031682491,8,9,1.42,0.4,1.6
17,2021,SU,Carbernet Sauvignon,Az. Il Mottolo,45.251184,11.704945,14/02/21,-1.286806464,2,14,1.42,0.4,1.6
17,2021,SU,Carbernet Sauvignon,Az. Il Mottolo,45.251184,11.704945,22/06/21,4.349331856,6,22,1.42,0.4,1.6
17,2021,SU,Carbernet Sauvignon,Az. Il Mottolo,45.251184,11.704945,13/01/21,-1.993783951,1,13,1.42,0.4,1.6
17,2021,SU,Carbernet Sauvignon,Az. Il Mottolo,45.251184,11.704945,28/10/21,1.920948863,10,28,1.42,0.4,1.6
18,2018,SU,Moscato giallo,Az. Il Mottolo,45.251184,11.704945,04/10/18,-0.961859107,10,4,0.66,1.2,4
18,2018,SU,Moscato giallo,Az. Il Mottolo,45.251184,11.704945,21/01/18,1.541568637,1,21,0.66,1.2,4
18,2018,SU,Moscato giallo,Az. Il Mottolo,45.251184,11.704945,27/04/18,2.937719822,4,27,0.66,1.2,4
18,2018,SU,Moscato giallo,Az. Il Mottolo,45.251184,11.704945,07/08/18,3.88672328,8,7,0.66,1.2,4
18,2018,SU,Moscato giallo,Az. Il Mottolo,45.251184,11.704945,26/03/18,-2.272701263,3,26,0.66,1.2,4
18,2018,SU,Moscato giallo,Az. Il Mottolo,45.251184,11.704945,30/06/18,2.648471832,6,30,0.66,1.2,4
18,2018,SU,Moscato giallo,Az. Il Mottolo,45.251184,11.704945,17/08/18,0.381848067,8,17,0.66,1.2,4
18,2018,SU,Moscato giallo,Az. Il Mottolo,45.251184,11.704945,21/11/18,-1.169541717,11,21,0.66,1.2,4
18,2019,SU,Moscato giallo,Az. Il Mottolo,45.251184,11.704945,24/01/19,0.150483534,1,24,0.7,1.2,4
18,2019,SU,Moscato giallo,Az. Il Mottolo,45.251184,11.704945,29/03/19,3.978153229,3,29,0.7,1.2,4
18,2019,SU,Moscato giallo,Az. Il Mottolo,45.251184,11.704945,25/02/19,1.805942774,2,25,0.7,1.2,4
18,2019,SU,Moscato giallo,Az. Il Mottolo,45.251184,11.704945,23/10/19,2.291318178,10,23,0.7,1.2,4
18,2019,SU,Moscato giallo,Az. Il Mottolo,45.251184,11.704945,01/06/19,-1.142062545,6,1,0.7,1.2,4
18,2019,SU,Moscato giallo,Az. Il Mottolo,45.251184,11.704945,19/07/19,-9.103357315,7,19,0.7,1.2,4
18,2019,SU,Moscato giallo,Az. Il Mottolo,45.251184,11.704945,05/09/19,5.099901199,9,5,0.7,1.2,4
18,2019,SU,Moscato giallo,Az. Il Mottolo,45.251184,11.704945,03/07/19,1.376793146,7,3,0.7,1.2,4
18,2019,SU,Moscato giallo,Az. Il Mottolo,45.251184,11.704945,04/08/19,-0.401116699,8,4,0.7,1.2,4
18,2019,SU,Moscato giallo,Az. Il Mottolo,45.251184,11.704945,21/09/19,-3.766744137,9,21,0.7,1.2,4
18,2019,SU,Moscato giallo,Az. Il Mottolo,45.251184,11.704945,26/12/19,3.582221508,12,26,0.7,1.2,4
18,2020,SU,Moscato giallo,Az. Il Mottolo,45.251184,11.704945,11/01/20,2.034529448,1,11,1.29,1.7,1.3
18,2020,SU,Moscato giallo,Az. Il Mottolo,45.251184,11.704945,12/02/20,3.428977489,2,12,1.29,1.7,1.3
18,2020,SU,Moscato giallo,Az. Il Mottolo,45.251184,11.704945,15/03/20,1.67343843,3,15,1.29,1.7,1.3
18,2020,SU,Moscato giallo,Az. Il Mottolo,45.251184,11.704945,28/02/20,4.869814873,2,28,1.29,1.7,1.3
18,2020,SU,Moscato giallo,Az. Il Mottolo,45.251184,11.704945,10/11/20,-1.553491354,11,10,1.29,1.7,1.3
18,2020,SU,Moscato giallo,Az. Il Mottolo,45.251184,11.704945,05/07/20,0.100013942,7,5,1.29,1.7,1.3
18,2020,SU,Moscato giallo,Az. Il Mottolo,45.251184,11.704945,06/08/20,-3.231269121,8,6,1.29,1.7,1.3
18,2020,SU,Moscato giallo,Az. Il Mottolo,45.251184,11.704945,05/09/20,-13.75492573,9,5,1.29,1.7,1.3
18,2020,SU,Moscato giallo,Az. Il Mottolo,45.251184,11.704945,21/07/20,0.611516953,7,21,1.29,1.7,1.3
18,2020,SU,Moscato giallo,Az. Il Mottolo,45.251184,11.704945,22/08/20,3.388949156,8,22,1.29,1.7,1.3
18,2020,SU,Moscato giallo,Az. Il Mottolo,45.251184,11.704945,25/10/20,0.628472447,10,25,1.29,1.7,1.3
18,2020,SU,Moscato giallo,Az. Il Mottolo,45.251184,11.704945,26/11/20,-2.573356152,11,26,1.29,1.7,1.3
18,2021,SU,Moscato giallo,Az. Il Mottolo,45.251184,11.704945,14/02/21,-1.546310067,2,14,1.34,0.6,1.2
18,2021,SU,Moscato giallo,Az. Il Mottolo,45.251184,11.704945,13/01/21,-1.917889953,1,13,1.34,0.6,1.2
18,2021,SU,Moscato giallo,Az. Il Mottolo,45.251184,11.704945,28/10/21,7.315766811,10,28,1.34,0.6,1.2
18,2021,SU,Moscato giallo,Az. Il Mottolo,45.251184,11.704945,02/03/21,2.638679028,3,2,1.34,0.6,1.2
18,2021,SU,Moscato giallo,Az. Il Mottolo,45.251184,11.704945,09/08/21,5.66534853,8,9,1.34,0.6,1.2
18,2021,SU,Moscato giallo,Az. Il Mottolo,45.251184,11.704945,10/09/21,2.38389945,9,10,1.34,0.6,1.2
18,2021,SU,Moscato giallo,Az. Il Mottolo,45.251184,11.704945,22/06/21,4.873977661,6,22,1.34,0.6,1.2
18,2021,SU,Moscato giallo,Az. Il Mottolo,45.251184,11.704945,25/08/21,-2.274729967,8,25,1.34,0.6,1.2
18,2021,SU,Moscato giallo,Az. Il Mottolo,45.251184,11.704945,28/10/21,1.437089086,10,28,1.34,0.6,1.2
18,2021,SU,Moscato giallo,Az. Il Mottolo,45.251184,11.704945,29/11/21,-1.997627616,11,29,1.34,0.6,1.2
19,2018,SU,Glera,Az. Vignale di Cecilia,45.274998,11.689283,07/08/18,3.550443172,8,7,0.87,1.3,3.5
19,2018,SU,Glera,Az. Vignale di Cecilia,45.274998,11.689283,17/08/18,0.786873877,8,17,0.87,1.3,3.5
19,2018,SU,Glera,Az. Vignale di Cecilia,45.274998,11.689283,21/11/18,-1.251752615,11,21,0.87,1.3,3.5
19,2018,SU,Glera,Az. Vignale di Cecilia,45.274998,11.689283,04/10/18,-0.190364838,10,4,0.87,1.3,3.5
19,2018,SU,Glera,Az. Vignale di Cecilia,45.274998,11.689283,26/03/18,-2.858063698,3,26,0.87,1.3,3.5
19,2018,SU,Glera,Az. Vignale di Cecilia,45.274998,11.689283,30/06/18,1.704221725,6,30,0.87,1.3,3.5
19,2018,SU,Glera,Az. Vignale di Cecilia,45.274998,11.689283,27/04/18,4.410848141,4,27,0.87,1.3,3.5
19,2018,SU,Glera,Az. Vignale di Cecilia,45.274998,11.689283,21/01/18,1.188092828,1,21,0.87,1.3,3.5
19,2019,SU,Glera,Az. Vignale di Cecilia,45.274998,11.689283,05/09/19,3.981130123,9,5,1,1.3,2.9
19,2019,SU,Glera,Az. Vignale di Cecilia,45.274998,11.689283,25/02/19,2.505040407,2,25,1,1.3,2.9
19,2019,SU,Glera,Az. Vignale di Cecilia,45.274998,11.689283,21/09/19,-3.845270634,9,21,1,1.3,2.9
19,2019,SU,Glera,Az. Vignale di Cecilia,45.274998,11.689283,26/12/19,3.479395866,12,26,1,1.3,2.9
19,2019,SU,Glera,Az. Vignale di Cecilia,45.274998,11.689283,29/03/19,2.677027702,3,29,1,1.3,2.9
19,2019,SU,Glera,Az. Vignale di Cecilia,45.274998,11.689283,23/10/19,1.306766748,10,23,1,1.3,2.9
19,2019,SU,Glera,Az. Vignale di Cecilia,45.274998,11.689283,04/08/19,-0.90939194,8,4,1,1.3,2.9
19,2019,SU,Glera,Az. Vignale di Cecilia,45.274998,11.689283,24/01/19,-0.642145991,1,24,1,1.3,2.9
19,2019,SU,Glera,Az. Vignale di Cecilia,45.274998,11.689283,19/07/19,-7.840236664,7,19,1,1.3,2.9
19,2019,SU,Glera,Az. Vignale di Cecilia,45.274998,11.689283,03/07/19,1.212352753,7,3,1,1.3,2.9
19,2019,SU,Glera,Az. Vignale di Cecilia,45.274998,11.689283,01/06/19,-0.351531029,6,1,1,1.3,2.9
19,2020,SU,Glera,Az. Vignale di Cecilia,45.274998,11.689283,26/11/20,-2.449701071,11,26,1.16,1.2,2
19,2020,SU,Glera,Az. Vignale di Cecilia,45.274998,11.689283,11/01/20,0.807440341,1,11,1.16,1.2,2
19,2020,SU,Glera,Az. Vignale di Cecilia,45.274998,11.689283,28/02/20,4.189639091,2,28,1.16,1.2,2
19,2020,SU,Glera,Az. Vignale di Cecilia,45.274998,11.689283,12/02/20,2.31882143,2,12,1.16,1.2,2
19,2020,SU,Glera,Az. Vignale di Cecilia,45.274998,11.689283,05/09/20,-14.19520569,9,5,1.16,1.2,2
19,2020,SU,Glera,Az. Vignale di Cecilia,45.274998,11.689283,10/11/20,0.341251194,11,10,1.16,1.2,2
19,2020,SU,Glera,Az. Vignale di Cecilia,45.274998,11.689283,21/07/20,1.873843908,7,21,1.16,1.2,2
19,2020,SU,Glera,Az. Vignale di Cecilia,45.274998,11.689283,25/10/20,0.212990075,10,25,1.16,1.2,2
19,2020,SU,Glera,Az. Vignale di Cecilia,45.274998,11.689283,06/08/20,-2.379742146,8,6,1.16,1.2,2
19,2020,SU,Glera,Az. Vignale di Cecilia,45.274998,11.689283,15/03/20,0.702996671,3,15,1.16,1.2,2
19,2020,SU,Glera,Az. Vignale di Cecilia,45.274998,11.689283,05/07/20,NA,7,5,1.16,1.2,2
19,2020,SU,Glera,Az. Vignale di Cecilia,45.274998,11.689283,22/08/20,3.491951942,8,22,1.16,1.2,2
19,2021,SU,Glera,Az. Vignale di Cecilia,45.274998,11.689283,10/09/21,4.140801907,9,10,1.07,0.2,1.6
19,2021,SU,Glera,Az. Vignale di Cecilia,45.274998,11.689283,28/10/21,8.268362045,10,28,1.07,0.2,1.6
19,2021,SU,Glera,Az. Vignale di Cecilia,45.274998,11.689283,28/10/21,2.266359568,10,28,1.07,0.2,1.6
19,2021,SU,Glera,Az. Vignale di Cecilia,45.274998,11.689283,29/11/21,-2.406980276,11,29,1.07,0.2,1.6
19,2021,SU,Glera,Az. Vignale di Cecilia,45.274998,11.689283,14/02/21,-0.967909217,2,14,1.07,0.2,1.6
19,2021,SU,Glera,Az. Vignale di Cecilia,45.274998,11.689283,13/01/21,-2.301931858,1,13,1.07,0.2,1.6
19,2021,SU,Glera,Az. Vignale di Cecilia,45.274998,11.689283,02/03/21,3.675700665,3,2,1.07,0.2,1.6
19,2021,SU,Glera,Az. Vignale di Cecilia,45.274998,11.689283,09/08/21,7.49616003,8,9,1.07,0.2,1.6
19,2021,SU,Glera,Az. Vignale di Cecilia,45.274998,11.689283,22/06/21,3.65999794,6,22,1.07,0.2,1.6
19,2021,SU,Glera,Az. Vignale di Cecilia,45.274998,11.689283,25/08/21,0.118090719,8,25,1.07,0.2,1.6
2,2018,NE,Merlot,Az Fattoria Eolia,45.345205,11.699838,27/04/18,1.422627807,4,27,1.3,4.6,1.1
2,2018,NE,Merlot,Az Fattoria Eolia,45.345205,11.699838,07/08/18,NA,8,7,1.3,4.6,1.1
2,2018,NE,Merlot,Az Fattoria Eolia,45.345205,11.699838,04/10/18,0.118667223,10,4,1.3,4.6,1.1
2,2018,NE,Merlot,Az Fattoria Eolia,45.345205,11.699838,17/08/18,0.226085573,8,17,1.3,4.6,1.1
2,2018,NE,Merlot,Az Fattoria Eolia,45.345205,11.699838,21/11/18,-0.649471104,11,21,1.3,4.6,1.1
2,2018,NE,Merlot,Az Fattoria Eolia,45.345205,11.699838,30/06/18,0.929443657,6,30,1.3,4.6,1.1
2,2018,NE,Merlot,Az Fattoria Eolia,45.345205,11.699838,21/01/18,1.975407481,1,21,1.3,4.6,1.1
2,2018,NE,Merlot,Az Fattoria Eolia,45.345205,11.699838,26/03/18,-1.643927813,3,26,1.3,4.6,1.1
2,2019,NE,Merlot,Az Fattoria Eolia,45.345205,11.699838,23/10/19,-2.226360321,10,23,1.3,4.6,1.1
2,2019,NE,Merlot,Az Fattoria Eolia,45.345205,11.699838,26/12/19,5.131214142,12,26,1.3,4.6,1.1
2,2019,NE,Merlot,Az Fattoria Eolia,45.345205,11.699838,19/07/19,-5.642930031,7,19,1.3,4.6,1.1
2,2019,NE,Merlot,Az Fattoria Eolia,45.345205,11.699838,05/09/19,2.796424866,9,5,1.3,4.6,1.1
2,2019,NE,Merlot,Az Fattoria Eolia,45.345205,11.699838,04/08/19,-0.321292132,8,4,1.3,4.6,1.1
2,2019,NE,Merlot,Az Fattoria Eolia,45.345205,11.699838,21/09/19,-7.001218796,9,21,1.3,4.6,1.1
2,2019,NE,Merlot,Az Fattoria Eolia,45.345205,11.699838,24/01/19,-2.458278656,1,24,1.3,4.6,1.1
2,2019,NE,Merlot,Az Fattoria Eolia,45.345205,11.699838,29/03/19,2.605712652,3,29,1.3,4.6,1.1
2,2019,NE,Merlot,Az Fattoria Eolia,45.345205,11.699838,03/07/19,0.017256975,7,3,1.3,4.6,1.1
2,2019,NE,Merlot,Az Fattoria Eolia,45.345205,11.699838,25/02/19,1.604353428,2,25,1.3,4.6,1.1
2,2019,NE,Merlot,Az Fattoria Eolia,45.345205,11.699838,01/06/19,-2.638116837,6,1,1.3,4.6,1.1
2,2020,NE,Merlot,Az Fattoria Eolia,45.345205,11.699838,10/11/20,1.018925905,11,10,1.61,4.7,0.5
2,2020,NE,Merlot,Az Fattoria Eolia,45.345205,11.699838,25/10/20,1.1938591,10,25,1.61,4.7,0.5
2,2020,NE,Merlot,Az Fattoria Eolia,45.345205,11.699838,26/11/20,0.038544811,11,26,1.61,4.7,0.5
2,2020,NE,Merlot,Az Fattoria Eolia,45.345205,11.699838,11/01/20,3.313894272,1,11,1.61,4.7,0.5
2,2020,NE,Merlot,Az Fattoria Eolia,45.345205,11.699838,22/08/20,2.32831955,8,22,1.61,4.7,0.5
2,2020,NE,Merlot,Az Fattoria Eolia,45.345205,11.699838,06/08/20,-0.514981508,8,6,1.61,4.7,0.5
2,2020,NE,Merlot,Az Fattoria Eolia,45.345205,11.699838,05/09/20,-11.88742161,9,5,1.61,4.7,0.5
2,2020,NE,Merlot,Az Fattoria Eolia,45.345205,11.699838,15/03/20,0.920999944,3,15,1.61,4.7,0.5
2,2020,NE,Merlot,Az Fattoria Eolia,45.345205,11.699838,28/02/20,3.627784252,2,28,1.61,4.7,0.5
2,2020,NE,Merlot,Az Fattoria Eolia,45.345205,11.699838,05/07/20,NA,7,5,1.61,4.7,0.5
2,2020,NE,Merlot,Az Fattoria Eolia,45.345205,11.699838,12/02/20,4.478001595,2,12,1.61,4.7,0.5
2,2020,NE,Merlot,Az Fattoria Eolia,45.345205,11.699838,21/07/20,3.527773857,7,21,1.61,4.7,0.5
2,2021,NE,Merlot,Az Fattoria Eolia,45.345205,11.699838,29/11/21,-2.036876917,11,29,1.6,2.7,1
2,2021,NE,Merlot,Az Fattoria Eolia,45.345205,11.699838,25/08/21,-0.341892332,8,25,1.6,2.7,1
2,2021,NE,Merlot,Az Fattoria Eolia,45.345205,11.699838,09/08/21,4.802929878,8,9,1.6,2.7,1
2,2021,NE,Merlot,Az Fattoria Eolia,45.345205,11.699838,10/09/21,2.935756683,9,10,1.6,2.7,1
2,2021,NE,Merlot,Az Fattoria Eolia,45.345205,11.699838,28/10/21,7.623687744,10,28,1.6,2.7,1
2,2021,NE,Merlot,Az Fattoria Eolia,45.345205,11.699838,13/01/21,-1.690278649,1,13,1.6,2.7,1
2,2021,NE,Merlot,Az Fattoria Eolia,45.345205,11.699838,28/10/21,0.770227432,10,28,1.6,2.7,1
2,2021,NE,Merlot,Az Fattoria Eolia,45.345205,11.699838,14/02/21,-1.284759164,2,14,1.6,2.7,1
2,2021,NE,Merlot,Az Fattoria Eolia,45.345205,11.699838,22/06/21,3.171896219,6,22,1.6,2.7,1
2,2021,NE,Merlot,Az Fattoria Eolia,45.345205,11.699838,02/03/21,2.874494076,3,2,1.6,2.7,1
20,2018,CT,Carbernet Sauvignon,Az Ca’ Lustra Zanovello,45.305664,11.696812,04/10/18,-0.1177084,10,4,NA,NA,NA
20,2018,CT,Carbernet Sauvignon,Az Ca’ Lustra Zanovello,45.305664,11.696812,21/11/18,-1.430969715,11,21,NA,NA,NA
20,2018,CT,Carbernet Sauvignon,Az Ca’ Lustra Zanovello,45.305664,11.696812,07/08/18,NA,8,7,NA,NA,NA
20,2018,CT,Carbernet Sauvignon,Az Ca’ Lustra Zanovello,45.305664,11.696812,30/06/18,2.029995441,6,30,NA,NA,NA
20,2018,CT,Carbernet Sauvignon,Az Ca’ Lustra Zanovello,45.305664,11.696812,17/08/18,0.908224165,8,17,NA,NA,NA
20,2018,CT,Carbernet Sauvignon,Az Ca’ Lustra Zanovello,45.305664,11.696812,27/04/18,2.100286961,4,27,NA,NA,NA
20,2018,CT,Carbernet Sauvignon,Az Ca’ Lustra Zanovello,45.305664,11.696812,26/03/18,-1.459864855,3,26,NA,NA,NA
20,2018,CT,Carbernet Sauvignon,Az Ca’ Lustra Zanovello,45.305664,11.696812,21/01/18,0.90799886,1,21,NA,NA,NA
20,2019,CT,Carbernet Sauvignon,Az Ca’ Lustra Zanovello,45.305664,11.696812,03/07/19,1.31488359,7,3,NA,NA,NA
20,2019,CT,Carbernet Sauvignon,Az Ca’ Lustra Zanovello,45.305664,11.696812,04/08/19,-0.738201976,8,4,NA,NA,NA
20,2019,CT,Carbernet Sauvignon,Az Ca’ Lustra Zanovello,45.305664,11.696812,19/07/19,-5.660757065,7,19,NA,NA,NA
20,2019,CT,Carbernet Sauvignon,Az Ca’ Lustra Zanovello,45.305664,11.696812,05/09/19,3.237051725,9,5,NA,NA,NA
20,2019,CT,Carbernet Sauvignon,Az Ca’ Lustra Zanovello,45.305664,11.696812,23/10/19,-1.18998754,10,23,NA,NA,NA
20,2019,CT,Carbernet Sauvignon,Az Ca’ Lustra Zanovello,45.305664,11.696812,01/06/19,-1.454389215,6,1,NA,NA,NA
20,2019,CT,Carbernet Sauvignon,Az Ca’ Lustra Zanovello,45.305664,11.696812,24/01/19,-1.540137887,1,24,NA,NA,NA
20,2019,CT,Carbernet Sauvignon,Az Ca’ Lustra Zanovello,45.305664,11.696812,29/03/19,2.537614584,3,29,NA,NA,NA
20,2019,CT,Carbernet Sauvignon,Az Ca’ Lustra Zanovello,45.305664,11.696812,25/02/19,1.589896798,2,25,NA,NA,NA
20,2019,CT,Carbernet Sauvignon,Az Ca’ Lustra Zanovello,45.305664,11.696812,21/09/19,-6.032478809,9,21,NA,NA,NA
20,2019,CT,Carbernet Sauvignon,Az Ca’ Lustra Zanovello,45.305664,11.696812,26/12/19,4.777564526,12,26,NA,NA,NA
20,2020,CT,Carbernet Sauvignon,Az Ca’ Lustra Zanovello,45.305664,11.696812,05/07/20,0.089272819,7,5,1.69,1.1,0.2
20,2020,CT,Carbernet Sauvignon,Az Ca’ Lustra Zanovello,45.305664,11.696812,21/07/20,3.151582956,7,21,1.69,1.1,0.2
20,2020,CT,Carbernet Sauvignon,Az Ca’ Lustra Zanovello,45.305664,11.696812,22/08/20,2.976402283,8,22,1.69,1.1,0.2
20,2020,CT,Carbernet Sauvignon,Az Ca’ Lustra Zanovello,45.305664,11.696812,15/03/20,1.15259254,3,15,1.69,1.1,0.2
20,2020,CT,Carbernet Sauvignon,Az Ca’ Lustra Zanovello,45.305664,11.696812,11/01/20,3.010980606,1,11,1.69,1.1,0.2
20,2020,CT,Carbernet Sauvignon,Az Ca’ Lustra Zanovello,45.305664,11.696812,28/02/20,2.434251308,2,28,1.69,1.1,0.2
20,2020,CT,Carbernet Sauvignon,Az Ca’ Lustra Zanovello,45.305664,11.696812,06/08/20,-0.867709041,8,6,1.69,1.1,0.2
20,2020,CT,Carbernet Sauvignon,Az Ca’ Lustra Zanovello,45.305664,11.696812,12/02/20,4.611094952,2,12,1.69,1.1,0.2
20,2020,CT,Carbernet Sauvignon,Az Ca’ Lustra Zanovello,45.305664,11.696812,05/09/20,-12.85339546,9,5,1.69,1.1,0.2
20,2020,CT,Carbernet Sauvignon,Az Ca’ Lustra Zanovello,45.305664,11.696812,10/11/20,0.500084758,11,10,1.69,1.1,0.2
20,2020,CT,Carbernet Sauvignon,Az Ca’ Lustra Zanovello,45.305664,11.696812,25/10/20,0.92304951,10,25,1.69,1.1,0.2
20,2020,CT,Carbernet Sauvignon,Az Ca’ Lustra Zanovello,45.305664,11.696812,26/11/20,-0.515476763,11,26,1.69,1.1,0.2
20,2021,CT,Carbernet Sauvignon,Az Ca’ Lustra Zanovello,45.305664,11.696812,28/10/21,7.152535915,10,28,1.31,0.5,1.7
20,2021,CT,Carbernet Sauvignon,Az Ca’ Lustra Zanovello,45.305664,11.696812,09/08/21,5.3108778,8,9,1.31,0.5,1.7
20,2021,CT,Carbernet Sauvignon,Az Ca’ Lustra Zanovello,45.305664,11.696812,10/09/21,2.647349119,9,10,1.31,0.5,1.7
20,2021,CT,Carbernet Sauvignon,Az Ca’ Lustra Zanovello,45.305664,11.696812,22/06/21,2.816870213,6,22,1.31,0.5,1.7
20,2021,CT,Carbernet Sauvignon,Az Ca’ Lustra Zanovello,45.305664,11.696812,25/08/21,-1.439073443,8,25,1.31,0.5,1.7
20,2021,CT,Carbernet Sauvignon,Az Ca’ Lustra Zanovello,45.305664,11.696812,28/10/21,0.627848208,10,28,1.31,0.5,1.7
20,2021,CT,Carbernet Sauvignon,Az Ca’ Lustra Zanovello,45.305664,11.696812,29/11/21,-3.325364113,11,29,1.31,0.5,1.7
20,2021,CT,Carbernet Sauvignon,Az Ca’ Lustra Zanovello,45.305664,11.696812,14/02/21,-1.753983498,2,14,1.31,0.5,1.7
20,2021,CT,Carbernet Sauvignon,Az Ca’ Lustra Zanovello,45.305664,11.696812,13/01/21,-1.765004635,1,13,1.31,0.5,1.7
20,2021,CT,Carbernet Sauvignon,Az Ca’ Lustra Zanovello,45.305664,11.696812,02/03/21,2.690898657,3,2,1.31,0.5,1.7
3,2018,NE,Carbernet Sauvignon,Az Fattoria Eolia,45.345205,11.699838,21/01/18,2.075542212,1,21,1.13,1.5,3
3,2018,NE,Carbernet Sauvignon,Az Fattoria Eolia,45.345205,11.699838,27/04/18,0.944214225,4,27,1.13,1.5,3
3,2018,NE,Carbernet Sauvignon,Az Fattoria Eolia,45.345205,11.699838,07/08/18,3.013854742,8,7,1.13,1.5,3
3,2018,NE,Carbernet Sauvignon,Az Fattoria Eolia,45.345205,11.699838,04/10/18,0.218200296,10,4,1.13,1.5,3
3,2018,NE,Carbernet Sauvignon,Az Fattoria Eolia,45.345205,11.699838,30/06/18,0.981346965,6,30,1.13,1.5,3
3,2018,NE,Carbernet Sauvignon,Az Fattoria Eolia,45.345205,11.699838,17/08/18,0.458184332,8,17,1.13,1.5,3
3,2018,NE,Carbernet Sauvignon,Az Fattoria Eolia,45.345205,11.699838,21/11/18,-0.79118681,11,21,1.13,1.5,3
3,2018,NE,Carbernet Sauvignon,Az Fattoria Eolia,45.345205,11.699838,26/03/18,-2.022756815,3,26,1.13,1.5,3
3,2019,NE,Carbernet Sauvignon,Az Fattoria Eolia,45.345205,11.699838,24/01/19,-2.826169729,1,24,1.1,1.5,3
3,2019,NE,Carbernet Sauvignon,Az Fattoria Eolia,45.345205,11.699838,29/03/19,1.448236108,3,29,1.1,1.5,3
3,2019,NE,Carbernet Sauvignon,Az Fattoria Eolia,45.345205,11.699838,03/07/19,-0.887415588,7,3,1.1,1.5,3
3,2019,NE,Carbernet Sauvignon,Az Fattoria Eolia,45.345205,11.699838,04/08/19,-0.081997052,8,4,1.1,1.5,3
3,2019,NE,Carbernet Sauvignon,Az Fattoria Eolia,45.345205,11.699838,01/06/19,-2.573265076,6,1,1.1,1.5,3
3,2019,NE,Carbernet Sauvignon,Az Fattoria Eolia,45.345205,11.699838,19/07/19,-6.215726376,7,19,1.1,1.5,3
3,2019,NE,Carbernet Sauvignon,Az Fattoria Eolia,45.345205,11.699838,05/09/19,2.38628602,9,5,1.1,1.5,3
3,2019,NE,Carbernet Sauvignon,Az Fattoria Eolia,45.345205,11.699838,25/02/19,1.847320914,2,25,1.1,1.5,3
3,2019,NE,Carbernet Sauvignon,Az Fattoria Eolia,45.345205,11.699838,23/10/19,-2.59325099,10,23,1.1,1.5,3
3,2019,NE,Carbernet Sauvignon,Az Fattoria Eolia,45.345205,11.699838,21/09/19,-7.866798878,9,21,1.1,1.5,3
3,2019,NE,Carbernet Sauvignon,Az Fattoria Eolia,45.345205,11.699838,26/12/19,4.598819733,12,26,1.1,1.5,3
3,2020,NE,Carbernet Sauvignon,Az Fattoria Eolia,45.345205,11.699838,11/01/20,2.948287964,1,11,1.24,0.7,2
3,2020,NE,Carbernet Sauvignon,Az Fattoria Eolia,45.345205,11.699838,28/02/20,3.303001881,2,28,1.24,0.7,2
3,2020,NE,Carbernet Sauvignon,Az Fattoria Eolia,45.345205,11.699838,05/07/20,1.770469069,7,5,1.24,0.7,2
3,2020,NE,Carbernet Sauvignon,Az Fattoria Eolia,45.345205,11.699838,06/08/20,-1.065609097,8,6,1.24,0.7,2
3,2020,NE,Carbernet Sauvignon,Az Fattoria Eolia,45.345205,11.699838,15/03/20,0.772711217,3,15,1.24,0.7,2
3,2020,NE,Carbernet Sauvignon,Az Fattoria Eolia,45.345205,11.699838,21/07/20,4.188856602,7,21,1.24,0.7,2
3,2020,NE,Carbernet Sauvignon,Az Fattoria Eolia,45.345205,11.699838,22/08/20,2.775555611,8,22,1.24,0.7,2
3,2020,NE,Carbernet Sauvignon,Az Fattoria Eolia,45.345205,11.699838,12/02/20,3.758613348,2,12,1.24,0.7,2
3,2020,NE,Carbernet Sauvignon,Az Fattoria Eolia,45.345205,11.699838,25/10/20,1.483440518,10,25,1.24,0.7,2
3,2020,NE,Carbernet Sauvignon,Az Fattoria Eolia,45.345205,11.699838,05/09/20,-12.22900867,9,5,1.24,0.7,2
3,2020,NE,Carbernet Sauvignon,Az Fattoria Eolia,45.345205,11.699838,10/11/20,0.919864476,11,10,1.24,0.7,2
3,2020,NE,Carbernet Sauvignon,Az Fattoria Eolia,45.345205,11.699838,26/11/20,-0.520796776,11,26,1.24,0.7,2
3,2021,NE,Carbernet Sauvignon,Az Fattoria Eolia,45.345205,11.699838,13/01/21,-1.854109526,1,13,1.75,0.7,0.6
3,2021,NE,Carbernet Sauvignon,Az Fattoria Eolia,45.345205,11.699838,02/03/21,2.674918652,3,2,1.75,0.7,0.6
3,2021,NE,Carbernet Sauvignon,Az Fattoria Eolia,45.345205,11.699838,09/08/21,5.178565979,8,9,1.75,0.7,0.6
3,2021,NE,Carbernet Sauvignon,Az Fattoria Eolia,45.345205,11.699838,10/09/21,3.138370752,9,10,1.75,0.7,0.6
3,2021,NE,Carbernet Sauvignon,Az Fattoria Eolia,45.345205,11.699838,22/06/21,3.380463362,6,22,1.75,0.7,0.6
3,2021,NE,Carbernet Sauvignon,Az Fattoria Eolia,45.345205,11.699838,25/08/21,0.553957999,8,25,1.75,0.7,0.6
3,2021,NE,Carbernet Sauvignon,Az Fattoria Eolia,45.345205,11.699838,28/10/21,0.860752225,10,28,1.75,0.7,0.6
3,2021,NE,Carbernet Sauvignon,Az Fattoria Eolia,45.345205,11.699838,14/02/21,-2.199014425,2,14,1.75,0.7,0.6
3,2021,NE,Carbernet Sauvignon,Az Fattoria Eolia,45.345205,11.699838,29/11/21,-2.431851387,11,29,1.75,0.7,0.6
3,2021,NE,Carbernet Sauvignon,Az Fattoria Eolia,45.345205,11.699838,28/10/21,7.437736511,10,28,1.75,0.7,0.6
4,2018,NE,Moscato giallo,Az Fattoria Eolia,45.345205,11.699838,07/08/18,2.993289471,8,7,0.96,0.8,2.6
4,2018,NE,Moscato giallo,Az Fattoria Eolia,45.345205,11.699838,21/11/18,-0.608228028,11,21,0.96,0.8,2.6
4,2018,NE,Moscato giallo,Az Fattoria Eolia,45.345205,11.699838,27/04/18,1.674350023,4,27,0.96,0.8,2.6
4,2018,NE,Moscato giallo,Az Fattoria Eolia,45.345205,11.699838,04/10/18,0.735962272,10,4,0.96,0.8,2.6
4,2018,NE,Moscato giallo,Az Fattoria Eolia,45.345205,11.699838,26/03/18,-1.761764288,3,26,0.96,0.8,2.6
4,2018,NE,Moscato giallo,Az Fattoria Eolia,45.345205,11.699838,17/08/18,0.98888725,8,17,0.96,0.8,2.6
4,2018,NE,Moscato giallo,Az Fattoria Eolia,45.345205,11.699838,21/01/18,2.348833561,1,21,0.96,0.8,2.6
4,2018,NE,Moscato giallo,Az Fattoria Eolia,45.345205,11.699838,30/06/18,1.173480749,6,30,0.96,0.8,2.6
4,2019,NE,Moscato giallo,Az Fattoria Eolia,45.345205,11.699838,29/03/19,2.08394742,3,29,1,0.8,2.6
4,2019,NE,Moscato giallo,Az Fattoria Eolia,45.345205,11.699838,26/12/19,4.835151196,12,26,1,0.8,2.6
4,2019,NE,Moscato giallo,Az Fattoria Eolia,45.345205,11.699838,03/07/19,-0.77769345,7,3,1,0.8,2.6
4,2019,NE,Moscato giallo,Az Fattoria Eolia,45.345205,11.699838,25/02/19,2.360958815,2,25,1,0.8,2.6
4,2019,NE,Moscato giallo,Az Fattoria Eolia,45.345205,11.699838,01/06/19,-2.013193369,6,1,1,0.8,2.6
4,2019,NE,Moscato giallo,Az Fattoria Eolia,45.345205,11.699838,19/07/19,-5.710070133,7,19,1,0.8,2.6
4,2019,NE,Moscato giallo,Az Fattoria Eolia,45.345205,11.699838,05/09/19,2.518707514,9,5,1,0.8,2.6
4,2019,NE,Moscato giallo,Az Fattoria Eolia,45.345205,11.699838,23/10/19,-2.025003672,10,23,1,0.8,2.6
4,2019,NE,Moscato giallo,Az Fattoria Eolia,45.345205,11.699838,04/08/19,-0.372387469,8,4,1,0.8,2.6
4,2019,NE,Moscato giallo,Az Fattoria Eolia,45.345205,11.699838,24/01/19,-2.045020103,1,24,1,0.8,2.6
4,2019,NE,Moscato giallo,Az Fattoria Eolia,45.345205,11.699838,21/09/19,-7.075768471,9,21,1,0.8,2.6
4,2020,NE,Moscato giallo,Az Fattoria Eolia,45.345205,11.699838,28/02/20,3.855340719,2,28,1.18,1.1,1.3
4,2020,NE,Moscato giallo,Az Fattoria Eolia,45.345205,11.699838,15/03/20,1.484843969,3,15,1.18,1.1,1.3
4,2020,NE,Moscato giallo,Az Fattoria Eolia,45.345205,11.699838,21/07/20,3.220590115,7,21,1.18,1.1,1.3
4,2020,NE,Moscato giallo,Az Fattoria Eolia,45.345205,11.699838,05/07/20,0.828763306,7,5,1.18,1.1,1.3
4,2020,NE,Moscato giallo,Az Fattoria Eolia,45.345205,11.699838,12/02/20,5.065124989,2,12,1.18,1.1,1.3
4,2020,NE,Moscato giallo,Az Fattoria Eolia,45.345205,11.699838,26/11/20,-0.210626915,11,26,1.18,1.1,1.3
4,2020,NE,Moscato giallo,Az Fattoria Eolia,45.345205,11.699838,11/01/20,3.296982527,1,11,1.18,1.1,1.3
4,2020,NE,Moscato giallo,Az Fattoria Eolia,45.345205,11.699838,10/11/20,1.149842262,11,10,1.18,1.1,1.3
4,2020,NE,Moscato giallo,Az Fattoria Eolia,45.345205,11.699838,22/08/20,2.646089077,8,22,1.18,1.1,1.3
4,2020,NE,Moscato giallo,Az Fattoria Eolia,45.345205,11.699838,06/08/20,-1.125004411,8,6,1.18,1.1,1.3
4,2020,NE,Moscato giallo,Az Fattoria Eolia,45.345205,11.699838,05/09/20,-12.59545898,9,5,1.18,1.1,1.3
4,2020,NE,Moscato giallo,Az Fattoria Eolia,45.345205,11.699838,25/10/20,1.721307516,10,25,1.18,1.1,1.3
4,2021,NE,Moscato giallo,Az Fattoria Eolia,45.345205,11.699838,02/03/21,2.52802062,3,2,1.31,0.4,1
4,2021,NE,Moscato giallo,Az Fattoria Eolia,45.345205,11.699838,29/11/21,-2.176590204,11,29,1.31,0.4,1
4,2021,NE,Moscato giallo,Az Fattoria Eolia,45.345205,11.699838,10/09/21,2.246370554,9,10,1.31,0.4,1
4,2021,NE,Moscato giallo,Az Fattoria Eolia,45.345205,11.699838,28/10/21,7.03779459,10,28,1.31,0.4,1
4,2021,NE,Moscato giallo,Az Fattoria Eolia,45.345205,11.699838,25/08/21,-0.718390048,8,25,1.31,0.4,1
4,2021,NE,Moscato giallo,Az Fattoria Eolia,45.345205,11.699838,09/08/21,4.205197811,8,9,1.31,0.4,1
4,2021,NE,Moscato giallo,Az Fattoria Eolia,45.345205,11.699838,14/02/21,-1.328619123,2,14,1.31,0.4,1
4,2021,NE,Moscato giallo,Az Fattoria Eolia,45.345205,11.699838,22/06/21,3.013126135,6,22,1.31,0.4,1
4,2021,NE,Moscato giallo,Az Fattoria Eolia,45.345205,11.699838,13/01/21,-2.039527416,1,13,1.31,0.4,1
4,2021,NE,Moscato giallo,Az Fattoria Eolia,45.345205,11.699838,28/10/21,0.248696059,10,28,1.31,0.4,1
5,2018,NE,Glera,Az Fattoria Eolia,45.345205,11.699838,21/11/18,-0.824156284,11,21,1,1.3,2.9
5,2018,NE,Glera,Az Fattoria Eolia,45.345205,11.699838,17/08/18,0.323289275,8,17,1,1.3,2.9
5,2018,NE,Glera,Az Fattoria Eolia,45.345205,11.699838,07/08/18,NA,8,7,1,1.3,2.9
5,2018,NE,Glera,Az Fattoria Eolia,45.345205,11.699838,04/10/18,-0.032212447,10,4,1,1.3,2.9
5,2018,NE,Glera,Az Fattoria Eolia,45.345205,11.699838,26/03/18,-1.994087696,3,26,1,1.3,2.9
5,2018,NE,Glera,Az Fattoria Eolia,45.345205,11.699838,21/01/18,2.192269802,1,21,1,1.3,2.9
5,2018,NE,Glera,Az Fattoria Eolia,45.345205,11.699838,27/04/18,1.039000273,4,27,1,1.3,2.9
5,2018,NE,Glera,Az Fattoria Eolia,45.345205,11.699838,30/06/18,1.294726491,6,30,1,1.3,2.9
5,2019,NE,Glera,Az Fattoria Eolia,45.345205,11.699838,05/09/19,2.85661602,9,5,1.2,0.9,2.2
5,2019,NE,Glera,Az Fattoria Eolia,45.345205,11.699838,04/08/19,0.075386636,8,4,1.2,0.9,2.2
5,2019,NE,Glera,Az Fattoria Eolia,45.345205,11.699838,19/07/19,-5.520759106,7,19,1.2,0.9,2.2
5,2019,NE,Glera,Az Fattoria Eolia,45.345205,11.699838,26/12/19,4.774858475,12,26,1.2,0.9,2.2
5,2019,NE,Glera,Az Fattoria Eolia,45.345205,11.699838,03/07/19,0.081203699,7,3,1.2,0.9,2.2
5,2019,NE,Glera,Az Fattoria Eolia,45.345205,11.699838,25/02/19,1.629068136,2,25,1.2,0.9,2.2
5,2019,NE,Glera,Az Fattoria Eolia,45.345205,11.699838,21/09/19,-7.167870045,9,21,1.2,0.9,2.2
5,2019,NE,Glera,Az Fattoria Eolia,45.345205,11.699838,24/01/19,-2.724733591,1,24,1.2,0.9,2.2
5,2019,NE,Glera,Az Fattoria Eolia,45.345205,11.699838,29/03/19,2.082380772,3,29,1.2,0.9,2.2
5,2019,NE,Glera,Az Fattoria Eolia,45.345205,11.699838,23/10/19,-2.45738101,10,23,1.2,0.9,2.2
5,2019,NE,Glera,Az Fattoria Eolia,45.345205,11.699838,01/06/19,-2.259938002,6,1,1.2,0.9,2.2
5,2020,NE,Glera,Az Fattoria Eolia,45.345205,11.699838,05/07/20,NA,7,5,0.89,1.8,3
5,2020,NE,Glera,Az Fattoria Eolia,45.345205,11.699838,22/08/20,2.70024991,8,22,0.89,1.8,3
5,2020,NE,Glera,Az Fattoria Eolia,45.345205,11.699838,05/09/20,-12.23304176,9,5,0.89,1.8,3
5,2020,NE,Glera,Az Fattoria Eolia,45.345205,11.699838,21/07/20,4.210653782,7,21,0.89,1.8,3
5,2020,NE,Glera,Az Fattoria Eolia,45.345205,11.699838,28/02/20,3.633721113,2,28,0.89,1.8,3
5,2020,NE,Glera,Az Fattoria Eolia,45.345205,11.699838,06/08/20,-0.225795165,8,6,0.89,1.8,3
5,2020,NE,Glera,Az Fattoria Eolia,45.345205,11.699838,12/02/20,4.323936462,2,12,0.89,1.8,3
5,2020,NE,Glera,Az Fattoria Eolia,45.345205,11.699838,15/03/20,0.856687248,3,15,0.89,1.8,3
5,2020,NE,Glera,Az Fattoria Eolia,45.345205,11.699838,10/11/20,1.08272481,11,10,0.89,1.8,3
5,2020,NE,Glera,Az Fattoria Eolia,45.345205,11.699838,25/10/20,1.040159464,10,25,0.89,1.8,3
5,2020,NE,Glera,Az Fattoria Eolia,45.345205,11.699838,26/11/20,-0.150664806,11,26,0.89,1.8,3
5,2020,NE,Glera,Az Fattoria Eolia,45.345205,11.699838,11/01/20,3.281301498,1,11,0.89,1.8,3
5,2021,NE,Glera,Az Fattoria Eolia,45.345205,11.699838,09/08/21,4.852190495,8,9,1.07,0.4,1.2
5,2021,NE,Glera,Az Fattoria Eolia,45.345205,11.699838,10/09/21,3.043581963,9,10,1.07,0.4,1.2
5,2021,NE,Glera,Az Fattoria Eolia,45.345205,11.699838,25/08/21,0.114812247,8,25,1.07,0.4,1.2
5,2021,NE,Glera,Az Fattoria Eolia,45.345205,11.699838,28/10/21,0.911352456,10,28,1.07,0.4,1.2
5,2021,NE,Glera,Az Fattoria Eolia,45.345205,11.699838,29/11/21,-2.031733513,11,29,1.07,0.4,1.2
5,2021,NE,Glera,Az Fattoria Eolia,45.345205,11.699838,28/10/21,7.647613049,10,28,1.07,0.4,1.2
5,2021,NE,Glera,Az Fattoria Eolia,45.345205,11.699838,13/01/21,-1.724222064,1,13,1.07,0.4,1.2
5,2021,NE,Glera,Az Fattoria Eolia,45.345205,11.699838,02/03/21,3.074148893,3,2,1.07,0.4,1.2
5,2021,NE,Glera,Az Fattoria Eolia,45.345205,11.699838,14/02/21,-1.705316186,2,14,1.07,0.4,1.2
5,2021,NE,Glera,Az Fattoria Eolia,45.345205,11.699838,22/06/21,3.679173708,6,22,1.07,0.4,1.2
6,2018,NO,Chardonnay,Az. San Nazario,45.30811,11.642855,07/08/18,4.481436729,8,7,1.08,3.8,1.6
6,2018,NO,Chardonnay,Az. San Nazario,45.30811,11.642855,17/08/18,1.247649431,8,17,1.08,3.8,1.6
6,2018,NO,Chardonnay,Az. San Nazario,45.30811,11.642855,21/11/18,-0.610364795,11,21,1.08,3.8,1.6
6,2018,NO,Chardonnay,Az. San Nazario,45.30811,11.642855,30/06/18,1.67702508,6,30,1.08,3.8,1.6
6,2018,NO,Chardonnay,Az. San Nazario,45.30811,11.642855,21/01/18,2.006594896,1,21,1.08,3.8,1.6
6,2018,NO,Chardonnay,Az. San Nazario,45.30811,11.642855,27/04/18,4.088187695,4,27,1.08,3.8,1.6
6,2018,NO,Chardonnay,Az. San Nazario,45.30811,11.642855,04/10/18,0.492222786,10,4,1.08,3.8,1.6
6,2018,NO,Chardonnay,Az. San Nazario,45.30811,11.642855,26/03/18,-1.282592893,3,26,1.08,3.8,1.6
6,2019,NO,Chardonnay,Az. San Nazario,45.30811,11.642855,26/12/19,2.579656839,12,26,1.1,3.8,1.6
6,2019,NO,Chardonnay,Az. San Nazario,45.30811,11.642855,04/08/19,-0.546496451,8,4,1.1,3.8,1.6
6,2019,NO,Chardonnay,Az. San Nazario,45.30811,11.642855,24/01/19,0.752169013,1,24,1.1,3.8,1.6
6,2019,NO,Chardonnay,Az. San Nazario,45.30811,11.642855,05/09/19,3.754768848,9,5,1.1,3.8,1.6
6,2019,NO,Chardonnay,Az. San Nazario,45.30811,11.642855,23/10/19,-0.078641757,10,23,1.1,3.8,1.6
6,2019,NO,Chardonnay,Az. San Nazario,45.30811,11.642855,25/02/19,3.195789099,2,25,1.1,3.8,1.6
6,2019,NO,Chardonnay,Az. San Nazario,45.30811,11.642855,21/09/19,-5.346614838,9,21,1.1,3.8,1.6
6,2019,NO,Chardonnay,Az. San Nazario,45.30811,11.642855,19/07/19,-7.472014427,7,19,1.1,3.8,1.6
6,2019,NO,Chardonnay,Az. San Nazario,45.30811,11.642855,29/03/19,3.97869277,3,29,1.1,3.8,1.6
6,2019,NO,Chardonnay,Az. San Nazario,45.30811,11.642855,03/07/19,0.856488705,7,3,1.1,3.8,1.6
6,2019,NO,Chardonnay,Az. San Nazario,45.30811,11.642855,01/06/19,-2.15991044,6,1,1.1,3.8,1.6
6,2020,NO,Chardonnay,Az. San Nazario,45.30811,11.642855,10/11/20,-0.10728626,11,10,1.04,1.3,2.4
6,2020,NO,Chardonnay,Az. San Nazario,45.30811,11.642855,26/11/20,-1.704267383,11,26,1.04,1.3,2.4
6,2020,NO,Chardonnay,Az. San Nazario,45.30811,11.642855,11/01/20,0.771041095,1,11,1.04,1.3,2.4
6,2020,NO,Chardonnay,Az. San Nazario,45.30811,11.642855,22/08/20,2.7275002,8,22,1.04,1.3,2.4
6,2020,NO,Chardonnay,Az. San Nazario,45.30811,11.642855,12/02/20,3.927750587,2,12,1.04,1.3,2.4
6,2020,NO,Chardonnay,Az. San Nazario,45.30811,11.642855,05/09/20,-13.36155128,9,5,1.04,1.3,2.4
6,2020,NO,Chardonnay,Az. San Nazario,45.30811,11.642855,15/03/20,1.751997828,3,15,1.04,1.3,2.4
6,2020,NO,Chardonnay,Az. San Nazario,45.30811,11.642855,28/02/20,3.484544516,2,28,1.04,1.3,2.4
6,2020,NO,Chardonnay,Az. San Nazario,45.30811,11.642855,25/10/20,0.289762646,10,25,1.04,1.3,2.4
6,2020,NO,Chardonnay,Az. San Nazario,45.30811,11.642855,06/08/20,-2.606575966,8,6,1.04,1.3,2.4
6,2020,NO,Chardonnay,Az. San Nazario,45.30811,11.642855,21/07/20,1.453234553,7,21,1.04,1.3,2.4
6,2020,NO,Chardonnay,Az. San Nazario,45.30811,11.642855,05/07/20,NA,7,5,1.04,1.3,2.4
6,2021,NO,Chardonnay,Az. San Nazario,45.30811,11.642855,25/08/21,-1.292008162,8,25,1.54,0.5,0.9
6,2021,NO,Chardonnay,Az. San Nazario,45.30811,11.642855,10/09/21,2.825945377,9,10,1.54,0.5,0.9
6,2021,NO,Chardonnay,Az. San Nazario,45.30811,11.642855,28/10/21,8.442882538,10,28,1.54,0.5,0.9
6,2021,NO,Chardonnay,Az. San Nazario,45.30811,11.642855,13/01/21,-1.700666189,1,13,1.54,0.5,0.9
6,2021,NO,Chardonnay,Az. San Nazario,45.30811,11.642855,28/10/21,1.637010694,10,28,1.54,0.5,0.9
6,2021,NO,Chardonnay,Az. San Nazario,45.30811,11.642855,29/11/21,NA,11,29,1.54,0.5,0.9
6,2021,NO,Chardonnay,Az. San Nazario,45.30811,11.642855,14/02/21,-0.682806075,2,14,1.54,0.5,0.9
6,2021,NO,Chardonnay,Az. San Nazario,45.30811,11.642855,22/06/21,1.711647272,6,22,1.54,0.5,0.9
6,2021,NO,Chardonnay,Az. San Nazario,45.30811,11.642855,02/03/21,4.641137123,3,2,1.54,0.5,0.9
6,2021,NO,Chardonnay,Az. San Nazario,45.30811,11.642855,09/08/21,5.38603878,8,9,1.54,0.5,0.9
7,2018,NO,Merlot,Az. San Nazario,45.30811,11.642855,21/11/18,-0.617222846,11,21,1.44,2.9,1.5
7,2018,NO,Merlot,Az. San Nazario,45.30811,11.642855,21/01/18,2.184301138,1,21,1.44,2.9,1.5
7,2018,NO,Merlot,Az. San Nazario,45.30811,11.642855,27/04/18,3.907310724,4,27,1.44,2.9,1.5
7,2018,NO,Merlot,Az. San Nazario,45.30811,11.642855,04/10/18,0.171506122,10,4,1.44,2.9,1.5
7,2018,NO,Merlot,Az. San Nazario,45.30811,11.642855,30/06/18,4.415918827,6,30,1.44,2.9,1.5
7,2018,NO,Merlot,Az. San Nazario,45.30811,11.642855,17/08/18,2.572393179,8,17,1.44,2.9,1.5
7,2018,NO,Merlot,Az. San Nazario,45.30811,11.642855,07/08/18,5.721077919,8,7,1.44,2.9,1.5
7,2018,NO,Merlot,Az. San Nazario,45.30811,11.642855,26/03/18,-0.801949918,3,26,1.44,2.9,1.5
7,2019,NO,Merlot,Az. San Nazario,45.30811,11.642855,26/12/19,2.969153166,12,26,1.4,2.9,1.5
7,2019,NO,Merlot,Az. San Nazario,45.30811,11.642855,05/09/19,3.873782873,9,5,1.4,2.9,1.5
7,2019,NO,Merlot,Az. San Nazario,45.30811,11.642855,23/10/19,-0.123152055,10,23,1.4,2.9,1.5
7,2019,NO,Merlot,Az. San Nazario,45.30811,11.642855,21/09/19,-5.063966751,9,21,1.4,2.9,1.5
7,2019,NO,Merlot,Az. San Nazario,45.30811,11.642855,01/06/19,-1.272965789,6,1,1.4,2.9,1.5
7,2019,NO,Merlot,Az. San Nazario,45.30811,11.642855,19/07/19,-6.764169693,7,19,1.4,2.9,1.5
7,2019,NO,Merlot,Az. San Nazario,45.30811,11.642855,03/07/19,1.831326962,7,3,1.4,2.9,1.5
7,2019,NO,Merlot,Az. San Nazario,45.30811,11.642855,04/08/19,-0.348489016,8,4,1.4,2.9,1.5
7,2019,NO,Merlot,Az. San Nazario,45.30811,11.642855,25/02/19,3.837193966,2,25,1.4,2.9,1.5
7,2019,NO,Merlot,Az. San Nazario,45.30811,11.642855,24/01/19,0.684942365,1,24,1.4,2.9,1.5
7,2019,NO,Merlot,Az. San Nazario,45.30811,11.642855,29/03/19,4.617416859,3,29,1.4,2.9,1.5
7,2020,NO,Merlot,Az. San Nazario,45.30811,11.642855,05/09/20,-12.49596596,9,5,1.77,3.2,0.6
7,2020,NO,Merlot,Az. San Nazario,45.30811,11.642855,22/08/20,3.308545828,8,22,1.77,3.2,0.6
7,2020,NO,Merlot,Az. San Nazario,45.30811,11.642855,25/10/20,0.315530509,10,25,1.77,3.2,0.6
7,2020,NO,Merlot,Az. San Nazario,45.30811,11.642855,26/11/20,-1.511104703,11,26,1.77,3.2,0.6
7,2020,NO,Merlot,Az. San Nazario,45.30811,11.642855,10/11/20,0.046759795,11,10,1.77,3.2,0.6
7,2020,NO,Merlot,Az. San Nazario,45.30811,11.642855,21/07/20,2.228864908,7,21,1.77,3.2,0.6
7,2020,NO,Merlot,Az. San Nazario,45.30811,11.642855,05/07/20,NA,7,5,1.77,3.2,0.6
7,2020,NO,Merlot,Az. San Nazario,45.30811,11.642855,06/08/20,-2.247214556,8,6,1.77,3.2,0.6
7,2020,NO,Merlot,Az. San Nazario,45.30811,11.642855,12/02/20,3.916097879,2,12,1.77,3.2,0.6
7,2020,NO,Merlot,Az. San Nazario,45.30811,11.642855,11/01/20,1.086610436,1,11,1.77,3.2,0.6
7,2020,NO,Merlot,Az. San Nazario,45.30811,11.642855,28/02/20,3.237271786,2,28,1.77,3.2,0.6
7,2020,NO,Merlot,Az. San Nazario,45.30811,11.642855,15/03/20,0.871550441,3,15,1.77,3.2,0.6
7,2021,NO,Merlot,Az. San Nazario,45.30811,11.642855,28/10/21,1.621106863,10,28,1.51,1.7,1.2
7,2021,NO,Merlot,Az. San Nazario,45.30811,11.642855,02/03/21,3.845535994,3,2,1.51,1.7,1.2
7,2021,NO,Merlot,Az. San Nazario,45.30811,11.642855,29/11/21,NA,11,29,1.51,1.7,1.2
7,2021,NO,Merlot,Az. San Nazario,45.30811,11.642855,28/10/21,8.275464058,10,28,1.51,1.7,1.2
7,2021,NO,Merlot,Az. San Nazario,45.30811,11.642855,22/06/21,0.857472003,6,22,1.51,1.7,1.2
7,2021,NO,Merlot,Az. San Nazario,45.30811,11.642855,25/08/21,-1.524959683,8,25,1.51,1.7,1.2
7,2021,NO,Merlot,Az. San Nazario,45.30811,11.642855,09/08/21,4.828911781,8,9,1.51,1.7,1.2
7,2021,NO,Merlot,Az. San Nazario,45.30811,11.642855,10/09/21,3.072362661,9,10,1.51,1.7,1.2
7,2021,NO,Merlot,Az. San Nazario,45.30811,11.642855,14/02/21,-0.663082242,2,14,1.51,1.7,1.2
7,2021,NO,Merlot,Az. San Nazario,45.30811,11.642855,13/01/21,-1.560967088,1,13,1.51,1.7,1.2
8,2018,NO,Carbernet Sauvignon,Az. San Nazario,45.30811,11.642855,04/10/18,0.393748105,10,4,1.18,2,2
8,2018,NO,Carbernet Sauvignon,Az. San Nazario,45.30811,11.642855,26/03/18,-0.663398564,3,26,1.18,2,2
8,2018,NO,Carbernet Sauvignon,Az. San Nazario,45.30811,11.642855,17/08/18,2.011164665,8,17,1.18,2,2
8,2018,NO,Carbernet Sauvignon,Az. San Nazario,45.30811,11.642855,21/11/18,-0.598610818,11,21,1.18,2,2
8,2018,NO,Carbernet Sauvignon,Az. San Nazario,45.30811,11.642855,07/08/18,5.416318417,8,7,1.18,2,2
8,2018,NO,Carbernet Sauvignon,Az. San Nazario,45.30811,11.642855,21/01/18,2.165047407,1,21,1.18,2,2
8,2018,NO,Carbernet Sauvignon,Az. San Nazario,45.30811,11.642855,27/04/18,4.411515236,4,27,1.18,2,2
8,2018,NO,Carbernet Sauvignon,Az. San Nazario,45.30811,11.642855,30/06/18,4.35845232,6,30,1.18,2,2
8,2019,NO,Carbernet Sauvignon,Az. San Nazario,45.30811,11.642855,05/09/19,3.083316326,9,5,1.2,2,2
8,2019,NO,Carbernet Sauvignon,Az. San Nazario,45.30811,11.642855,04/08/19,-0.542841375,8,4,1.2,2,2
8,2019,NO,Carbernet Sauvignon,Az. San Nazario,45.30811,11.642855,21/09/19,-5.770117283,9,21,1.2,2,2
8,2019,NO,Carbernet Sauvignon,Az. San Nazario,45.30811,11.642855,19/07/19,-7.522947788,7,19,1.2,2,2
8,2019,NO,Carbernet Sauvignon,Az. San Nazario,45.30811,11.642855,29/03/19,4.090749741,3,29,1.2,2,2
8,2019,NO,Carbernet Sauvignon,Az. San Nazario,45.30811,11.642855,23/10/19,-0.747651637,10,23,1.2,2,2
8,2019,NO,Carbernet Sauvignon,Az. San Nazario,45.30811,11.642855,25/02/19,2.907115459,2,25,1.2,2,2
8,2019,NO,Carbernet Sauvignon,Az. San Nazario,45.30811,11.642855,01/06/19,-1.457478166,6,1,1.2,2,2
8,2019,NO,Carbernet Sauvignon,Az. San Nazario,45.30811,11.642855,26/12/19,2.564249992,12,26,1.2,2,2
8,2019,NO,Carbernet Sauvignon,Az. San Nazario,45.30811,11.642855,03/07/19,2.055598021,7,3,1.2,2,2
8,2019,NO,Carbernet Sauvignon,Az. San Nazario,45.30811,11.642855,24/01/19,0.622077286,1,24,1.2,2,2
8,2020,NO,Carbernet Sauvignon,Az. San Nazario,45.30811,11.642855,22/08/20,2.76239872,8,22,1.12,1.3,2
8,2020,NO,Carbernet Sauvignon,Az. San Nazario,45.30811,11.642855,06/08/20,-2.41830492,8,6,1.12,1.3,2
8,2020,NO,Carbernet Sauvignon,Az. San Nazario,45.30811,11.642855,21/07/20,2.029250622,7,21,1.12,1.3,2
8,2020,NO,Carbernet Sauvignon,Az. San Nazario,45.30811,11.642855,28/02/20,2.410514355,2,28,1.12,1.3,2
8,2020,NO,Carbernet Sauvignon,Az. San Nazario,45.30811,11.642855,25/10/20,-0.645463526,10,25,1.12,1.3,2
8,2020,NO,Carbernet Sauvignon,Az. San Nazario,45.30811,11.642855,05/09/20,-13.42185116,9,5,1.12,1.3,2
8,2020,NO,Carbernet Sauvignon,Az. San Nazario,45.30811,11.642855,15/03/20,0.903920829,3,15,1.12,1.3,2
8,2020,NO,Carbernet Sauvignon,Az. San Nazario,45.30811,11.642855,10/11/20,-0.083144382,11,10,1.12,1.3,2
8,2020,NO,Carbernet Sauvignon,Az. San Nazario,45.30811,11.642855,05/07/20,NA,7,5,1.12,1.3,2
8,2020,NO,Carbernet Sauvignon,Az. San Nazario,45.30811,11.642855,26/11/20,-1.550567508,11,26,1.12,1.3,2
8,2020,NO,Carbernet Sauvignon,Az. San Nazario,45.30811,11.642855,11/01/20,1.150027871,1,11,1.12,1.3,2
8,2020,NO,Carbernet Sauvignon,Az. San Nazario,45.30811,11.642855,12/02/20,3.467363834,2,12,1.12,1.3,2
8,2021,NO,Carbernet Sauvignon,Az. San Nazario,45.30811,11.642855,25/08/21,-1.88468647,8,25,1.29,1,2
8,2021,NO,Carbernet Sauvignon,Az. San Nazario,45.30811,11.642855,28/10/21,1.074852347,10,28,1.29,1,2
8,2021,NO,Carbernet Sauvignon,Az. San Nazario,45.30811,11.642855,10/09/21,2.335235119,9,10,1.29,1,2
8,2021,NO,Carbernet Sauvignon,Az. San Nazario,45.30811,11.642855,28/10/21,8.639343262,10,28,1.29,1,2
8,2021,NO,Carbernet Sauvignon,Az. San Nazario,45.30811,11.642855,13/01/21,-1.663480878,1,13,1.29,1,2
8,2021,NO,Carbernet Sauvignon,Az. San Nazario,45.30811,11.642855,02/03/21,3.925283194,3,2,1.29,1,2
8,2021,NO,Carbernet Sauvignon,Az. San Nazario,45.30811,11.642855,29/11/21,NA,11,29,1.29,1,2
8,2021,NO,Carbernet Sauvignon,Az. San Nazario,45.30811,11.642855,14/02/21,-1.317887664,2,14,1.29,1,2
8,2021,NO,Carbernet Sauvignon,Az. San Nazario,45.30811,11.642855,22/06/21,0.885999978,6,22,1.29,1,2
8,2021,NO,Carbernet Sauvignon,Az. San Nazario,45.30811,11.642855,09/08/21,4.379319668,8,9,1.29,1,2
9,2018,NO,Moscato giallo,Az. San Nazario,45.30811,11.642855,21/11/18,-2.176941156,11,21,1.12,0.7,2.3
9,2018,NO,Moscato giallo,Az. San Nazario,45.30811,11.642855,04/10/18,-0.215819165,10,4,1.12,0.7,2.3
9,2018,NO,Moscato giallo,Az. San Nazario,45.30811,11.642855,17/08/18,1.45832777,8,17,1.12,0.7,2.3
9,2018,NO,Moscato giallo,Az. San Nazario,45.30811,11.642855,27/04/18,3.998340845,4,27,1.12,0.7,2.3
9,2018,NO,Moscato giallo,Az. San Nazario,45.30811,11.642855,07/08/18,5.071073055,8,7,1.12,0.7,2.3
9,2018,NO,Moscato giallo,Az. San Nazario,45.30811,11.642855,30/06/18,3.341892004,6,30,1.12,0.7,2.3
9,2018,NO,Moscato giallo,Az. San Nazario,45.30811,11.642855,21/01/18,1.977812886,1,21,1.12,0.7,2.3
9,2018,NO,Moscato giallo,Az. San Nazario,45.30811,11.642855,26/03/18,-1.155755877,3,26,1.12,0.7,2.3
9,2019,NO,Moscato giallo,Az. San Nazario,45.30811,11.642855,24/01/19,0.436894089,1,24,1.1,0.7,2.3
9,2019,NO,Moscato giallo,Az. San Nazario,45.30811,11.642855,29/03/19,4.488988876,3,29,1.1,0.7,2.3
9,2019,NO,Moscato giallo,Az. San Nazario,45.30811,11.642855,23/10/19,-0.423941463,10,23,1.1,0.7,2.3
9,2019,NO,Moscato giallo,Az. San Nazario,45.30811,11.642855,21/09/19,-5.421532154,9,21,1.1,0.7,2.3
9,2019,NO,Moscato giallo,Az. San Nazario,45.30811,11.642855,26/12/19,2.892733335,12,26,1.1,0.7,2.3
9,2019,NO,Moscato giallo,Az. San Nazario,45.30811,11.642855,05/09/19,2.872969389,9,5,1.1,0.7,2.3
9,2019,NO,Moscato giallo,Az. San Nazario,45.30811,11.642855,25/02/19,2.924079418,2,25,1.1,0.7,2.3
9,2019,NO,Moscato giallo,Az. San Nazario,45.30811,11.642855,01/06/19,-1.467945099,6,1,1.1,0.7,2.3
9,2019,NO,Moscato giallo,Az. San Nazario,45.30811,11.642855,19/07/19,-7.642386436,7,19,1.1,0.7,2.3
9,2019,NO,Moscato giallo,Az. San Nazario,45.30811,11.642855,03/07/19,1.582011938,7,3,1.1,0.7,2.3
9,2019,NO,Moscato giallo,Az. San Nazario,45.30811,11.642855,04/08/19,-0.859131098,8,4,1.1,0.7,2.3
9,2020,NO,Moscato giallo,Az. San Nazario,45.30811,11.642855,11/01/20,0.948404014,1,11,1.03,0.3,2.4
9,2020,NO,Moscato giallo,Az. San Nazario,45.30811,11.642855,28/02/20,2.668466091,2,28,1.03,0.3,2.4
9,2020,NO,Moscato giallo,Az. San Nazario,45.30811,11.642855,12/02/20,3.234899998,2,12,1.03,0.3,2.4
9,2020,NO,Moscato giallo,Az. San Nazario,45.30811,11.642855,15/03/20,0.533912539,3,15,1.03,0.3,2.4
9,2020,NO,Moscato giallo,Az. San Nazario,45.30811,11.642855,10/11/20,0.180593878,11,10,1.03,0.3,2.4
9,2020,NO,Moscato giallo,Az. San Nazario,45.30811,11.642855,21/07/20,1.753018498,7,21,1.03,0.3,2.4
9,2020,NO,Moscato giallo,Az. San Nazario,45.30811,11.642855,25/10/20,-0.057797294,10,25,1.03,0.3,2.4
9,2020,NO,Moscato giallo,Az. San Nazario,45.30811,11.642855,26/11/20,-2.97727704,11,26,1.03,0.3,2.4
9,2020,NO,Moscato giallo,Az. San Nazario,45.30811,11.642855,05/09/20,-12.9428978,9,5,1.03,0.3,2.4
9,2020,NO,Moscato giallo,Az. San Nazario,45.30811,11.642855,05/07/20,NA,7,5,1.03,0.3,2.4
9,2020,NO,Moscato giallo,Az. San Nazario,45.30811,11.642855,06/08/20,-2.480104685,8,6,1.03,0.3,2.4
9,2020,NO,Moscato giallo,Az. San Nazario,45.30811,11.642855,22/08/20,3.275132656,8,22,1.03,0.3,2.4
9,2021,NO,Moscato giallo,Az. San Nazario,45.30811,11.642855,28/10/21,1.718878865,10,28,1.32,0.1,1.2
9,2021,NO,Moscato giallo,Az. San Nazario,45.30811,11.642855,29/11/21,NA,11,29,1.32,0.1,1.2
9,2021,NO,Moscato giallo,Az. San Nazario,45.30811,11.642855,28/10/21,6.93530798,10,28,1.32,0.1,1.2
9,2021,NO,Moscato giallo,Az. San Nazario,45.30811,11.642855,13/01/21,-1.893511295,1,13,1.32,0.1,1.2
9,2021,NO,Moscato giallo,Az. San Nazario,45.30811,11.642855,02/03/21,3.6419065,3,2,1.32,0.1,1.2
9,2021,NO,Moscato giallo,Az. San Nazario,45.30811,11.642855,09/08/21,4.326508999,8,9,1.32,0.1,1.2
9,2021,NO,Moscato giallo,Az. San Nazario,45.30811,11.642855,10/09/21,2.350327253,9,10,1.32,0.1,1.2
9,2021,NO,Moscato giallo,Az. San Nazario,45.30811,11.642855,22/06/21,0.36531803,6,22,1.32,0.1,1.2
9,2021,NO,Moscato giallo,Az. San Nazario,45.30811,11.642855,25/08/21,-2.150211811,8,25,1.32,0.1,1.2
9,2021,NO,Moscato giallo,Az. San Nazario,45.30811,11.642855,14/02/21,-1.174940586,2,14,1.32,0.1,1.2