Area,ID,Varietà,Azienda,LatN,LongE,Date,Temperature,Year,Month,Day,Potential_Fert,n_Blind_Buds,n_Steril_Buds
NE,1,Chardonnay,Az. Vignalta,45.344174,11.712021,21/01/18,7.65918541,2018,1,21,1.08,0.80,3.00
NE,1,Chardonnay,Az. Vignalta,45.344174,11.712021,26/03/18,16.47227859,2018,3,26,1.08,0.80,3.00
NE,1,Chardonnay,Az. Vignalta,45.344174,11.712021,27/04/18,23.18179893,2018,4,27,1.08,0.80,3.00
NE,1,Chardonnay,Az. Vignalta,45.344174,11.712021,30/06/18,33.27602768,2018,6,30,1.08,0.80,3.00
NE,1,Chardonnay,Az. Vignalta,45.344174,11.712021,17/08/18,28.12396812,2018,8,17,1.08,0.80,3.00
NE,1,Chardonnay,Az. Vignalta,45.344174,11.712021,04/10/18,19.85919952,2018,10,4,1.08,0.80,3.00
NE,1,Chardonnay,Az. Vignalta,45.344174,11.712021,21/11/18,8.334196091,2018,11,21,1.08,0.80,3.00
NE,2,Merlot,Az Fattoria Eolia,45.345205,11.699838,21/01/18,6.066314697,2018,1,21,1.30,4.60,1.10
NE,2,Merlot,Az Fattoria Eolia,45.345205,11.699838,26/03/18,15.60708523,2018,3,26,1.30,4.60,1.10
NE,2,Merlot,Az Fattoria Eolia,45.345205,11.699838,27/04/18,21.47092438,2018,4,27,1.30,4.60,1.10
NE,2,Merlot,Az Fattoria Eolia,45.345205,11.699838,30/06/18,30.42393303,2018,6,30,1.30,4.60,1.10
NE,2,Merlot,Az Fattoria Eolia,45.345205,11.699838,17/08/18,26.7485199,2018,8,17,1.30,4.60,1.10
NE,2,Merlot,Az Fattoria Eolia,45.345205,11.699838,04/10/18,19.16387749,2018,10,4,1.30,4.60,1.10
NE,2,Merlot,Az Fattoria Eolia,45.345205,11.699838,21/11/18,7.833353043,2018,11,21,1.30,4.60,1.10
NE,3,Carbernet Sauvignon,Az Fattoria Eolia,45.345205,11.699838,21/01/18,6.205585957,2018,1,21,1.13,1.50,3.00
NE,3,Carbernet Sauvignon,Az Fattoria Eolia,45.345205,11.699838,26/03/18,15.81083298,2018,3,26,1.13,1.50,3.00
NE,3,Carbernet Sauvignon,Az Fattoria Eolia,45.345205,11.699838,27/04/18,21.90979004,2018,4,27,1.13,1.50,3.00
NE,3,Carbernet Sauvignon,Az Fattoria Eolia,45.345205,11.699838,30/06/18,31.32038116,2018,6,30,1.13,1.50,3.00
NE,3,Carbernet Sauvignon,Az Fattoria Eolia,45.345205,11.699838,17/08/18,27.34985924,2018,8,17,1.13,1.50,3.00
NE,3,Carbernet Sauvignon,Az Fattoria Eolia,45.345205,11.699838,04/10/18,19.37907982,2018,10,4,1.13,1.50,3.00
NE,3,Carbernet Sauvignon,Az Fattoria Eolia,45.345205,11.699838,21/11/18,7.930300236,2018,11,21,1.13,1.50,3.00
NE,4,Moscato giallo,Az Fattoria Eolia,45.345205,11.699838,21/01/18,5.085902214,2018,1,21,0.96,0.80,2.60
NE,4,Moscato giallo,Az Fattoria Eolia,45.345205,11.699838,26/03/18,14.12975025,2018,3,26,0.96,0.80,2.60
NE,4,Moscato giallo,Az Fattoria Eolia,45.345205,11.699838,27/04/18,20.69704628,2018,4,27,0.96,0.80,2.60
NE,4,Moscato giallo,Az Fattoria Eolia,45.345205,11.699838,30/06/18,29.8964901,2018,6,30,0.96,0.80,2.60
NE,4,Moscato giallo,Az Fattoria Eolia,45.345205,11.699838,17/08/18,26.60685921,2018,8,17,0.96,0.80,2.60
NE,4,Moscato giallo,Az Fattoria Eolia,45.345205,11.699838,04/10/18,18.78890038,2018,10,4,0.96,0.80,2.60
NE,4,Moscato giallo,Az Fattoria Eolia,45.345205,11.699838,21/11/18,6.636668205,2018,11,21,0.96,0.80,2.60
NE,5,Glera,Az Fattoria Eolia,45.345205,11.699838,21/01/18,6.263557911,2018,1,21,1.00,1.30,2.90
NE,5,Glera,Az Fattoria Eolia,45.345205,11.699838,26/03/18,15.4586668,2018,3,26,1.00,1.30,2.90
NE,5,Glera,Az Fattoria Eolia,45.345205,11.699838,27/04/18,21.53122711,2018,4,27,1.00,1.30,2.90
NE,5,Glera,Az Fattoria Eolia,45.345205,11.699838,30/06/18,30.88024712,2018,6,30,1.00,1.30,2.90
NE,5,Glera,Az Fattoria Eolia,45.345205,11.699838,17/08/18,27.04608917,2018,8,17,1.00,1.30,2.90
NE,5,Glera,Az Fattoria Eolia,45.345205,11.699838,04/10/18,19.17673111,2018,10,4,1.00,1.30,2.90
NE,5,Glera,Az Fattoria Eolia,45.345205,11.699838,21/11/18,7.887540817,2018,11,21,1.00,1.30,2.90
NO,6,Chardonnay,Az. San Nazario,45.30811,11.642855,21/01/18,8.064160347,2018,1,21,1.08,3.80,1.60
NO,6,Chardonnay,Az. San Nazario,45.30811,11.642855,26/03/18,19.33304214,2018,3,26,1.08,3.80,1.60
NO,6,Chardonnay,Az. San Nazario,45.30811,11.642855,27/04/18,26.04063034,2018,4,27,1.08,3.80,1.60
NO,6,Chardonnay,Az. San Nazario,45.30811,11.642855,30/06/18,32.93117905,2018,6,30,1.08,3.80,1.60
NO,6,Chardonnay,Az. San Nazario,45.30811,11.642855,17/08/18,29.08154678,2018,8,17,1.08,3.80,1.60
NO,6,Chardonnay,Az. San Nazario,45.30811,11.642855,04/10/18,20.73003578,2018,10,4,1.08,3.80,1.60
NO,6,Chardonnay,Az. San Nazario,45.30811,11.642855,21/11/18,8.787370682,2018,11,21,1.08,3.80,1.60
NO,7,Merlot,Az. San Nazario,45.30811,11.642855,21/01/18,8.662942886,2018,1,21,1.44,2.90,1.50
NO,7,Merlot,Az. San Nazario,45.30811,11.642855,26/03/18,20.09098244,2018,3,26,1.44,2.90,1.50
NO,7,Merlot,Az. San Nazario,45.30811,11.642855,27/04/18,26.23134041,2018,4,27,1.44,2.90,1.50
NO,7,Merlot,Az. San Nazario,45.30811,11.642855,30/06/18,35.04507065,2018,6,30,1.44,2.90,1.50
NO,7,Merlot,Az. San Nazario,45.30811,11.642855,17/08/18,30.06047249,2018,8,17,1.44,2.90,1.50
NO,7,Merlot,Az. San Nazario,45.30811,11.642855,04/10/18,20.5856514,2018,10,4,1.44,2.90,1.50
NO,7,Merlot,Az. San Nazario,45.30811,11.642855,21/11/18,9.137195587,2018,11,21,1.44,2.90,1.50
NO,8,Carbernet Sauvignon,Az. San Nazario,45.30811,11.642855,21/01/18,9.00191021,2018,1,21,1.18,2.00,2.00
NO,8,Carbernet Sauvignon,Az. San Nazario,45.30811,11.642855,26/03/18,20.95744133,2018,3,26,1.18,2.00,2.00
NO,8,Carbernet Sauvignon,Az. San Nazario,45.30811,11.642855,27/04/18,26.66953659,2018,4,27,1.18,2.00,2.00
NO,8,Carbernet Sauvignon,Az. San Nazario,45.30811,11.642855,30/06/18,34.7415123,2018,6,30,1.18,2.00,2.00
NO,8,Carbernet Sauvignon,Az. San Nazario,45.30811,11.642855,17/08/18,30.24033356,2018,8,17,1.18,2.00,2.00
NO,8,Carbernet Sauvignon,Az. San Nazario,45.30811,11.642855,04/10/18,20.88925743,2018,10,4,1.18,2.00,2.00
NO,8,Carbernet Sauvignon,Az. San Nazario,45.30811,11.642855,21/11/18,9.308850288,2018,11,21,1.18,2.00,2.00
NO,9,Moscato giallo,Az. San Nazario,45.30811,11.642855,21/01/18,9.32290554,2018,1,21,1.12,0.70,2.30
NO,9,Moscato giallo,Az. San Nazario,45.30811,11.642855,26/03/18,20.44901466,2018,3,26,1.12,0.70,2.30
NO,9,Moscato giallo,Az. San Nazario,45.30811,11.642855,27/04/18,27.23056793,2018,4,27,1.12,0.70,2.30
NO,9,Moscato giallo,Az. San Nazario,45.30811,11.642855,30/06/18,34.03020859,2018,6,30,1.12,0.70,2.30
NO,9,Moscato giallo,Az. San Nazario,45.30811,11.642855,17/08/18,29.70941925,2018,8,17,1.12,0.70,2.30
NO,9,Moscato giallo,Az. San Nazario,45.30811,11.642855,04/10/18,21.12636185,2018,10,4,1.12,0.70,2.30
NO,9,Moscato giallo,Az. San Nazario,45.30811,11.642855,21/11/18,9.836090088,2018,11,21,1.12,0.70,2.30
NO,10,Glera,Az. San Nazario,45.30811,11.642855,21/01/18,8.993463516,2018,1,21,1.16,0.90,2.20
NO,10,Glera,Az. San Nazario,45.30811,11.642855,26/03/18,19.68074036,2018,3,26,1.16,0.90,2.20
NO,10,Glera,Az. San Nazario,45.30811,11.642855,27/04/18,27.34768295,2018,4,27,1.16,0.90,2.20
NO,10,Glera,Az. San Nazario,45.30811,11.642855,30/06/18,33.08922195,2018,6,30,1.16,0.90,2.20
NO,10,Glera,Az. San Nazario,45.30811,11.642855,17/08/18,29.22537231,2018,8,17,1.16,0.90,2.20
NO,10,Glera,Az. San Nazario,45.30811,11.642855,04/10/18,21.45353317,2018,10,4,1.16,0.90,2.20
NO,10,Glera,Az. San Nazario,45.30811,11.642855,21/11/18,10.07637405,2018,11,21,1.16,0.90,2.20
CT,11,Chardonnay,Az Ca‚Äô Lustra Zanovello,45.305664,11.696812,21/01/18,6.460411072,2018,1,21,1.09,1.50,3.30
CT,11,Chardonnay,Az Ca‚Äô Lustra Zanovello,45.305664,11.696812,26/03/18,17.57819176,2018,3,26,1.09,1.50,3.30
CT,11,Chardonnay,Az Ca‚Äô Lustra Zanovello,45.305664,11.696812,27/04/18,23.05801201,2018,4,27,1.09,1.50,3.30
CT,11,Chardonnay,Az Ca‚Äô Lustra Zanovello,45.305664,11.696812,30/06/18,32.68255997,2018,6,30,1.09,1.50,3.30
CT,11,Chardonnay,Az Ca‚Äô Lustra Zanovello,45.305664,11.696812,17/08/18,28.55314827,2018,8,17,1.09,1.50,3.30
CT,11,Chardonnay,Az Ca‚Äô Lustra Zanovello,45.305664,11.696812,04/10/18,20.28917122,2018,10,4,1.09,1.50,3.30
CT,11,Chardonnay,Az Ca‚Äô Lustra Zanovello,45.305664,11.696812,21/11/18,8.57519722,2018,11,21,1.09,1.50,3.30
CT,12,Merlot,Az Ca‚Äô Lustra Zanovello,45.303423,11.691333,21/01/18,7.203785419,2018,1,21,0.81,3.20,2.60
CT,12,Merlot,Az Ca‚Äô Lustra Zanovello,45.303423,11.691333,26/03/18,16.93380547,2018,3,26,0.81,3.20,2.60
CT,12,Merlot,Az Ca‚Äô Lustra Zanovello,45.303423,11.691333,27/04/18,22.87689972,2018,4,27,0.81,3.20,2.60
CT,12,Merlot,Az Ca‚Äô Lustra Zanovello,45.303423,11.691333,30/06/18,31.17679977,2018,6,30,0.81,3.20,2.60
CT,12,Merlot,Az Ca‚Äô Lustra Zanovello,45.303423,11.691333,17/08/18,28.74459648,2018,8,17,0.81,3.20,2.60
CT,12,Merlot,Az Ca‚Äô Lustra Zanovello,45.303423,11.691333,04/10/18,19.12025261,2018,10,4,0.81,3.20,2.60
CT,12,Merlot,Az Ca‚Äô Lustra Zanovello,45.303423,11.691333,21/11/18,8.43350029,2018,11,21,0.81,3.20,2.60
CT,13,Moscato giallo,Az Ca‚Äô Lustra Zanovello,45.302492,11.690781,21/01/18,7.556253433,2018,1,21,1.15,1.00,2.40
CT,13,Moscato giallo,Az Ca‚Äô Lustra Zanovello,45.302492,11.690781,26/03/18,17.3203392,2018,3,26,1.15,1.00,2.40
CT,13,Moscato giallo,Az Ca‚Äô Lustra Zanovello,45.302492,11.690781,27/04/18,22.92863655,2018,4,27,1.15,1.00,2.40
CT,13,Moscato giallo,Az Ca‚Äô Lustra Zanovello,45.302492,11.690781,30/06/18,33.59480286,2018,6,30,1.15,1.00,2.40
CT,13,Moscato giallo,Az Ca‚Äô Lustra Zanovello,45.302492,11.690781,17/08/18,28.7300415,2018,8,17,1.15,1.00,2.40
CT,13,Moscato giallo,Az Ca‚Äô Lustra Zanovello,45.302492,11.690781,04/10/18,20.13661385,2018,10,4,1.15,1.00,2.40
CT,13,Moscato giallo,Az Ca‚Äô Lustra Zanovello,45.302492,11.690781,21/11/18,8.645947456,2018,11,21,1.15,1.00,2.40
CT,14,Glera,Az Ca‚Äô Lustra Zanovello,45.305964,11.693174,21/01/18,8.121071815,2018,1,21,1.09,0.70,2.20
CT,14,Glera,Az Ca‚Äô Lustra Zanovello,45.305964,11.693174,26/03/18,17.56258392,2018,3,26,1.09,0.70,2.20
CT,14,Glera,Az Ca‚Äô Lustra Zanovello,45.305964,11.693174,27/04/18,22.31453514,2018,4,27,1.09,0.70,2.20
CT,14,Glera,Az Ca‚Äô Lustra Zanovello,45.305964,11.693174,30/06/18,30.80320549,2018,6,30,1.09,0.70,2.20
CT,14,Glera,Az Ca‚Äô Lustra Zanovello,45.305964,11.693174,17/08/18,28.14287186,2018,8,17,1.09,0.70,2.20
CT,14,Glera,Az Ca‚Äô Lustra Zanovello,45.305964,11.693174,04/10/18,20.22564507,2018,10,4,1.09,0.70,2.20
CT,14,Glera,Az Ca‚Äô Lustra Zanovello,45.305964,11.693174,21/11/18,9.224471092,2018,11,21,1.09,0.70,2.20
SU,15,Chardonnay,Az. Il Fil√≤ delle Vigne,45.24539,11.700875,21/01/18,8.461854935,2018,1,21,1.26,1.50,2.70
SU,15,Chardonnay,Az. Il Fil√≤ delle Vigne,45.24539,11.700875,26/03/18,16.82385063,2018,3,26,1.26,1.50,2.70
SU,15,Chardonnay,Az. Il Fil√≤ delle Vigne,45.24539,11.700875,27/04/18,23.59445381,2018,4,27,1.26,1.50,2.70
SU,15,Chardonnay,Az. Il Fil√≤ delle Vigne,45.24539,11.700875,30/06/18,31.91305923,2018,6,30,1.26,1.50,2.70
SU,15,Chardonnay,Az. Il Fil√≤ delle Vigne,45.24539,11.700875,17/08/18,28.69477081,2018,8,17,1.26,1.50,2.70
SU,15,Chardonnay,Az. Il Fil√≤ delle Vigne,45.24539,11.700875,04/10/18,20.11361504,2018,10,4,1.26,1.50,2.70
SU,15,Chardonnay,Az. Il Fil√≤ delle Vigne,45.24539,11.700875,21/11/18,8.990641594,2018,11,21,1.26,1.50,2.70
SU,16,Merlot,Az. Il Mottolo,45.251184,11.704945,21/01/18,7.324280739,2018,1,21,1.76,4.30,0.50
SU,16,Merlot,Az. Il Mottolo,45.251184,11.704945,26/03/18,16.72167015,2018,3,26,1.76,4.30,0.50
SU,16,Merlot,Az. Il Mottolo,45.251184,11.704945,27/04/18,23.09742737,2018,4,27,1.76,4.30,0.50
SU,16,Merlot,Az. Il Mottolo,45.251184,11.704945,30/06/18,32.725914,2018,6,30,1.76,4.30,0.50
SU,16,Merlot,Az. Il Mottolo,45.251184,11.704945,17/08/18,30.27054977,2018,8,17,1.76,4.30,0.50
SU,16,Merlot,Az. Il Mottolo,45.251184,11.704945,04/10/18,20.35262489,2018,10,4,1.76,4.30,0.50
SU,16,Merlot,Az. Il Mottolo,45.251184,11.704945,21/11/18,8.804309845,2018,11,21,1.76,4.30,0.50
SU,17,Carbernet Sauvignon,Az. Il Mottolo,45.251184,11.704945,21/01/18,8.773241997,2018,1,21,1.38,2.20,1.10
SU,17,Carbernet Sauvignon,Az. Il Mottolo,45.251184,11.704945,26/03/18,18.98686409,2018,3,26,1.38,2.20,1.10
SU,17,Carbernet Sauvignon,Az. Il Mottolo,45.251184,11.704945,27/04/18,26.46723557,2018,4,27,1.38,2.20,1.10
SU,17,Carbernet Sauvignon,Az. Il Mottolo,45.251184,11.704945,30/06/18,34.45261002,2018,6,30,1.38,2.20,1.10
SU,17,Carbernet Sauvignon,Az. Il Mottolo,45.251184,11.704945,17/08/18,30.98926163,2018,8,17,1.38,2.20,1.10
SU,17,Carbernet Sauvignon,Az. Il Mottolo,45.251184,11.704945,04/10/18,21.60677338,2018,10,4,1.38,2.20,1.10
SU,17,Carbernet Sauvignon,Az. Il Mottolo,45.251184,11.704945,21/11/18,9.698933601,2018,11,21,1.38,2.20,1.10
SU,18,Moscato giallo,Az. Il Mottolo,45.251184,11.704945,21/01/18,8.812803268,2018,1,21,0.66,1.20,4.00
SU,18,Moscato giallo,Az. Il Mottolo,45.251184,11.704945,26/03/18,18.12304878,2018,3,26,0.66,1.20,4.00
SU,18,Moscato giallo,Az. Il Mottolo,45.251184,11.704945,27/04/18,25.38132668,2018,4,27,0.66,1.20,4.00
SU,18,Moscato giallo,Az. Il Mottolo,45.251184,11.704945,30/06/18,33.96884537,2018,6,30,0.66,1.20,4.00
SU,18,Moscato giallo,Az. Il Mottolo,45.251184,11.704945,17/08/18,30.01362038,2018,8,17,0.66,1.20,4.00
SU,18,Moscato giallo,Az. Il Mottolo,45.251184,11.704945,04/10/18,20.76531792,2018,10,4,0.66,1.20,4.00
SU,18,Moscato giallo,Az. Il Mottolo,45.251184,11.704945,21/11/18,9.54195118,2018,11,21,0.66,1.20,4.00
SU,19,Glera,Az. Vignale di Cecilia,45.274998,11.689283,21/01/18,7.713466644,2018,1,21,0.87,1.30,3.50
SU,19,Glera,Az. Vignale di Cecilia,45.274998,11.689283,26/03/18,17.30471992,2018,3,26,0.87,1.30,3.50
SU,19,Glera,Az. Vignale di Cecilia,45.274998,11.689283,27/04/18,25.24516678,2018,4,27,0.87,1.30,3.50
SU,19,Glera,Az. Vignale di Cecilia,45.274998,11.689283,30/06/18,32.791996,2018,6,30,0.87,1.30,3.50
SU,19,Glera,Az. Vignale di Cecilia,45.274998,11.689283,17/08/18,29.40167999,2018,8,17,0.87,1.30,3.50
SU,19,Glera,Az. Vignale di Cecilia,45.274998,11.689283,04/10/18,20.71974564,2018,10,4,0.87,1.30,3.50
SU,19,Glera,Az. Vignale di Cecilia,45.274998,11.689283,21/11/18,9.17098999,2018,11,21,0.87,1.30,3.50
CT,20,Carbernet Sauvignon,Az Ca‚Äô Lustra Zanovello,45.305664,11.696812,21/01/18,4.792224407,2018,1,21,,,
CT,20,Carbernet Sauvignon,Az Ca‚Äô Lustra Zanovello,45.305664,11.696812,26/03/18,15.30739498,2018,3,26,,,
CT,20,Carbernet Sauvignon,Az Ca‚Äô Lustra Zanovello,45.305664,11.696812,27/04/18,21.84490776,2018,4,27,,,
CT,20,Carbernet Sauvignon,Az Ca‚Äô Lustra Zanovello,45.305664,11.696812,30/06/18,30.85471153,2018,6,30,,,
CT,20,Carbernet Sauvignon,Az Ca‚Äô Lustra Zanovello,45.305664,11.696812,17/08/18,27.63405037,2018,8,17,,,
CT,20,Carbernet Sauvignon,Az Ca‚Äô Lustra Zanovello,45.305664,11.696812,04/10/18,19.60160828,2018,10,4,,,
CT,20,Carbernet Sauvignon,Az Ca‚Äô Lustra Zanovello,45.305664,11.696812,21/11/18,7.401665688,2018,11,21,,,
NE,1,Chardonnay,Az. Vignalta,45.344174,11.712021,24/01/19,5.249983788,2019,1,24,1.1,0.8,3.0
NE,1,Chardonnay,Az. Vignalta,45.344174,11.712021,25/02/19,13.39148617,2019,2,25,1.1,0.8,3.0
NE,1,Chardonnay,Az. Vignalta,45.344174,11.712021,29/03/19,21.65432167,2019,3,29,1.1,0.8,3.0
NE,1,Chardonnay,Az. Vignalta,45.344174,11.712021,01/06/19,27.53830719,2019,6,1,1.1,0.8,3.0
NE,1,Chardonnay,Az. Vignalta,45.344174,11.712021,03/07/19,29.68795586,2019,7,3,1.1,0.8,3.0
NE,1,Chardonnay,Az. Vignalta,45.344174,11.712021,19/07/19,24.22431564,2019,7,19,1.1,0.8,3.0
NE,1,Chardonnay,Az. Vignalta,45.344174,11.712021,04/08/19,26.74370575,2019,8,4,1.1,0.8,3.0
NE,1,Chardonnay,Az. Vignalta,45.344174,11.712021,05/09/19,27.66024971,2019,9,5,1.1,0.8,3.0
NE,1,Chardonnay,Az. Vignalta,45.344174,11.712021,21/09/19,12.42724991,2019,9,21,1.1,0.8,3.0
NE,1,Chardonnay,Az. Vignalta,45.344174,11.712021,26/12/19,6.622233391,2019,12,26,1.1,0.8,3.0
NE,2,Merlot,Az Fattoria Eolia,45.345205,11.699838,24/01/19,1.632628441,2019,1,24,1.3,4.6,1.1
NE,2,Merlot,Az Fattoria Eolia,45.345205,11.699838,25/02/19,12.60993099,2019,2,25,1.3,4.6,1.1
NE,2,Merlot,Az Fattoria Eolia,45.345205,11.699838,29/03/19,19.85672569,2019,3,29,1.3,4.6,1.1
NE,2,Merlot,Az Fattoria Eolia,45.345205,11.699838,01/06/19,24.22408295,2019,6,1,1.3,4.6,1.1
NE,2,Merlot,Az Fattoria Eolia,45.345205,11.699838,03/07/19,28.90725899,2019,7,3,1.3,4.6,1.1
NE,2,Merlot,Az Fattoria Eolia,45.345205,11.699838,19/07/19,22.42940521,2019,7,19,1.3,4.6,1.1
NE,2,Merlot,Az Fattoria Eolia,45.345205,11.699838,04/08/19,25.88814926,2019,8,4,1.3,4.6,1.1
NE,2,Merlot,Az Fattoria Eolia,45.345205,11.699838,05/09/19,26.73664856,2019,9,5,1.3,4.6,1.1
NE,2,Merlot,Az Fattoria Eolia,45.345205,11.699838,21/09/19,13.10991955,2019,9,21,1.3,4.6,1.1
NE,2,Merlot,Az Fattoria Eolia,45.345205,11.699838,26/12/19,8.16088295,2019,12,26,1.3,4.6,1.1
NE,3,Carbernet Sauvignon,Az Fattoria Eolia,45.345205,11.699838,24/01/19,1.303874016,2019,1,24,1.1,1.5,3.0
NE,3,Carbernet Sauvignon,Az Fattoria Eolia,45.345205,11.699838,25/02/19,13.37526321,2019,2,25,1.1,1.5,3.0
NE,3,Carbernet Sauvignon,Az Fattoria Eolia,45.345205,11.699838,29/03/19,19.28182602,2019,3,29,1.1,1.5,3.0
NE,3,Carbernet Sauvignon,Az Fattoria Eolia,45.345205,11.699838,01/06/19,24.62078285,2019,6,1,1.1,1.5,3.0
NE,3,Carbernet Sauvignon,Az Fattoria Eolia,45.345205,11.699838,03/07/19,28.93555069,2019,7,3,1.1,1.5,3.0
NE,3,Carbernet Sauvignon,Az Fattoria Eolia,45.345205,11.699838,19/07/19,22.75786972,2019,7,19,1.1,1.5,3.0
NE,3,Carbernet Sauvignon,Az Fattoria Eolia,45.345205,11.699838,04/08/19,26.77271652,2019,8,4,1.1,1.5,3.0
NE,3,Carbernet Sauvignon,Az Fattoria Eolia,45.345205,11.699838,05/09/19,26.71738243,2019,9,5,1.1,1.5,3.0
NE,3,Carbernet Sauvignon,Az Fattoria Eolia,45.345205,11.699838,21/09/19,12.70518017,2019,9,21,1.1,1.5,3.0
NE,3,Carbernet Sauvignon,Az Fattoria Eolia,45.345205,11.699838,26/12/19,7.773427486,2019,12,26,1.1,1.5,3.0
NE,4,Moscato giallo,Az Fattoria Eolia,45.345205,11.699838,24/01/19,0.692048669,2019,1,24,1.0,0.8,2.6
NE,4,Moscato giallo,Az Fattoria Eolia,45.345205,11.699838,25/02/19,11.35497284,2019,2,25,1.0,0.8,2.6
NE,4,Moscato giallo,Az Fattoria Eolia,45.345205,11.699838,29/03/19,17.97546196,2019,3,29,1.0,0.8,2.6
NE,4,Moscato giallo,Az Fattoria Eolia,45.345205,11.699838,01/06/19,23.92448235,2019,6,1,1.0,0.8,2.6
NE,4,Moscato giallo,Az Fattoria Eolia,45.345205,11.699838,03/07/19,27.3952179,2019,7,3,1.0,0.8,2.6
NE,4,Moscato giallo,Az Fattoria Eolia,45.345205,11.699838,19/07/19,21.62176514,2019,7,19,1.0,0.8,2.6
NE,4,Moscato giallo,Az Fattoria Eolia,45.345205,11.699838,04/08/19,25.45924377,2019,8,4,1.0,0.8,2.6
NE,4,Moscato giallo,Az Fattoria Eolia,45.345205,11.699838,05/09/19,25.3912735,2019,9,5,1.0,0.8,2.6
NE,4,Moscato giallo,Az Fattoria Eolia,45.345205,11.699838,21/09/19,12.00898838,2019,9,21,1.0,0.8,2.6
NE,4,Moscato giallo,Az Fattoria Eolia,45.345205,11.699838,26/12/19,6.659757137,2019,12,26,1.0,0.8,2.6
NE,5,Glera,Az Fattoria Eolia,45.345205,11.699838,24/01/19,1.346554399,2019,1,24,1.2,0.9,2.2
NE,5,Glera,Az Fattoria Eolia,45.345205,11.699838,25/02/19,12.75691414,2019,2,25,1.2,0.9,2.2
NE,5,Glera,Az Fattoria Eolia,45.345205,11.699838,29/03/19,19.53513527,2019,3,29,1.2,0.9,2.2
NE,5,Glera,Az Fattoria Eolia,45.345205,11.699838,01/06/19,24.52310562,2019,6,1,1.2,0.9,2.2
NE,5,Glera,Az Fattoria Eolia,45.345205,11.699838,03/07/19,29.18551254,2019,7,3,1.2,0.9,2.2
NE,5,Glera,Az Fattoria Eolia,45.345205,11.699838,19/07/19,22.68329048,2019,7,19,1.2,0.9,2.2
NE,5,Glera,Az Fattoria Eolia,45.345205,11.699838,04/08/19,26.46976089,2019,8,4,1.2,0.9,2.2
NE,5,Glera,Az Fattoria Eolia,45.345205,11.699838,05/09/19,26.94787216,2019,9,5,1.2,0.9,2.2
NE,5,Glera,Az Fattoria Eolia,45.345205,11.699838,21/09/19,12.99056911,2019,9,21,1.2,0.9,2.2
NE,5,Glera,Az Fattoria Eolia,45.345205,11.699838,26/12/19,7.856171131,2019,12,26,1.2,0.9,2.2
NO,6,Chardonnay,Az. San Nazario,45.30811,11.642855,24/01/19,6.809734344,2019,1,24,1.1,3.8,1.6
NO,6,Chardonnay,Az. San Nazario,45.30811,11.642855,25/02/19,16.43029976,2019,2,25,1.1,3.8,1.6
NO,6,Chardonnay,Az. San Nazario,45.30811,11.642855,29/03/19,24.59432793,2019,3,29,1.1,3.8,1.6
NO,6,Chardonnay,Az. San Nazario,45.30811,11.642855,01/06/19,26.82043076,2019,6,1,1.1,3.8,1.6
NO,6,Chardonnay,Az. San Nazario,45.30811,11.642855,03/07/19,31.45223999,2019,7,3,1.1,3.8,1.6
NO,6,Chardonnay,Az. San Nazario,45.30811,11.642855,19/07/19,21.69202042,2019,7,19,1.1,3.8,1.6
NO,6,Chardonnay,Az. San Nazario,45.30811,11.642855,04/08/19,27.40724373,2019,8,4,1.1,3.8,1.6
NO,6,Chardonnay,Az. San Nazario,45.30811,11.642855,05/09/19,29.15267944,2019,9,5,1.1,3.8,1.6
NO,6,Chardonnay,Az. San Nazario,45.30811,11.642855,21/09/19,16.12493706,2019,9,21,1.1,3.8,1.6
NO,6,Chardonnay,Az. San Nazario,45.30811,11.642855,26/12/19,5.918125153,2019,12,26,1.1,3.8,1.6
NO,7,Merlot,Az. San Nazario,45.30811,11.642855,24/01/19,7.163584232,2019,1,24,1.4,2.9,1.5
NO,7,Merlot,Az. San Nazario,45.30811,11.642855,25/02/19,17.09591103,2019,2,25,1.4,2.9,1.5
NO,7,Merlot,Az. San Nazario,45.30811,11.642855,29/03/19,25.51034927,2019,3,29,1.4,2.9,1.5
NO,7,Merlot,Az. San Nazario,45.30811,11.642855,01/06/19,26.71016121,2019,6,1,1.4,2.9,1.5
NO,7,Merlot,Az. San Nazario,45.30811,11.642855,03/07/19,31.14934349,2019,7,3,1.4,2.9,1.5
NO,7,Merlot,Az. San Nazario,45.30811,11.642855,19/07/19,21.75472832,2019,7,19,1.4,2.9,1.5
NO,7,Merlot,Az. San Nazario,45.30811,11.642855,04/08/19,27.16353035,2019,8,4,1.4,2.9,1.5
NO,7,Merlot,Az. San Nazario,45.30811,11.642855,05/09/19,28.7069397,2019,9,5,1.4,2.9,1.5
NO,7,Merlot,Az. San Nazario,45.30811,11.642855,21/09/19,16.28561783,2019,9,21,1.4,2.9,1.5
NO,7,Merlot,Az. San Nazario,45.30811,11.642855,26/12/19,6.5095644,2019,12,26,1.4,2.9,1.5
NO,8,Carbernet Sauvignon,Az. San Nazario,45.30811,11.642855,24/01/19,7.458940029,2019,1,24,1.2,2.0,2.0
NO,8,Carbernet Sauvignon,Az. San Nazario,45.30811,11.642855,25/02/19,17.29427719,2019,2,25,1.2,2.0,2.0
NO,8,Carbernet Sauvignon,Az. San Nazario,45.30811,11.642855,29/03/19,25.71158981,2019,3,29,1.2,2.0,2.0
NO,8,Carbernet Sauvignon,Az. San Nazario,45.30811,11.642855,01/06/19,26.62356377,2019,6,1,1.2,2.0,2.0
NO,8,Carbernet Sauvignon,Az. San Nazario,45.30811,11.642855,03/07/19,31.06810188,2019,7,3,1.2,2.0,2.0
NO,8,Carbernet Sauvignon,Az. San Nazario,45.30811,11.642855,19/07/19,21.20951462,2019,7,19,1.2,2.0,2.0
NO,8,Carbernet Sauvignon,Az. San Nazario,45.30811,11.642855,04/08/19,27.23749161,2019,8,4,1.2,2.0,2.0
NO,8,Carbernet Sauvignon,Az. San Nazario,45.30811,11.642855,05/09/19,28.85325813,2019,9,5,1.2,2.0,2.0
NO,8,Carbernet Sauvignon,Az. San Nazario,45.30811,11.642855,21/09/19,16.72427177,2019,9,21,1.2,2.0,2.0
NO,8,Carbernet Sauvignon,Az. San Nazario,45.30811,11.642855,26/12/19,6.388082504,2019,12,26,1.2,2.0,2.0
NO,9,Moscato giallo,Az. San Nazario,45.30811,11.642855,24/01/19,7.781986713,2019,1,24,1.1,0.7,2.3
NO,9,Moscato giallo,Az. San Nazario,45.30811,11.642855,25/02/19,17.4037838,2019,2,25,1.1,0.7,2.3
NO,9,Moscato giallo,Az. San Nazario,45.30811,11.642855,29/03/19,26.09375954,2019,3,29,1.1,0.7,2.3
NO,9,Moscato giallo,Az. San Nazario,45.30811,11.642855,01/06/19,26.86605453,2019,6,1,1.1,0.7,2.3
NO,9,Moscato giallo,Az. San Nazario,45.30811,11.642855,03/07/19,31.10053825,2019,7,3,1.1,0.7,2.3
NO,9,Moscato giallo,Az. San Nazario,45.30811,11.642855,19/07/19,21.34541893,2019,7,19,1.1,0.7,2.3
NO,9,Moscato giallo,Az. San Nazario,45.30811,11.642855,04/08/19,27.02918434,2019,8,4,1.1,0.7,2.3
NO,9,Moscato giallo,Az. San Nazario,45.30811,11.642855,05/09/19,28.85797691,2019,9,5,1.1,0.7,2.3
NO,9,Moscato giallo,Az. San Nazario,45.30811,11.642855,21/09/19,16.80546761,2019,9,21,1.1,0.7,2.3
NO,9,Moscato giallo,Az. San Nazario,45.30811,11.642855,26/12/19,7.25544405,2019,12,26,1.1,0.7,2.3
NO,10,Glera,Az. San Nazario,45.30811,11.642855,24/01/19,7.95024538,2019,1,24,1.1,0.7,2.2
NO,10,Glera,Az. San Nazario,45.30811,11.642855,25/02/19,17.52096558,2019,2,25,1.1,0.7,2.2
NO,10,Glera,Az. San Nazario,45.30811,11.642855,29/03/19,25.87859344,2019,3,29,1.1,0.7,2.2
NO,10,Glera,Az. San Nazario,45.30811,11.642855,01/06/19,26.81804657,2019,6,1,1.1,0.7,2.2
NO,10,Glera,Az. San Nazario,45.30811,11.642855,03/07/19,30.81284904,2019,7,3,1.1,0.7,2.2
NO,10,Glera,Az. San Nazario,45.30811,11.642855,19/07/19,20.76288795,2019,7,19,1.1,0.7,2.2
NO,10,Glera,Az. San Nazario,45.30811,11.642855,04/08/19,27.09145164,2019,8,4,1.1,0.7,2.2
NO,10,Glera,Az. San Nazario,45.30811,11.642855,05/09/19,28.68553162,2019,9,5,1.1,0.7,2.2
NO,10,Glera,Az. San Nazario,45.30811,11.642855,21/09/19,16.91806602,2019,9,21,1.1,0.7,2.2
NO,10,Glera,Az. San Nazario,45.30811,11.642855,26/12/19,8.058469772,2019,12,26,1.1,0.7,2.2
CT,11,Chardonnay,Az Ca‚Äô Lustra Zanovello,45.305664,11.696812,24/01/19,2.882490158,2019,1,24,1.1,1.5,3.3
CT,11,Chardonnay,Az Ca‚Äô Lustra Zanovello,45.305664,11.696812,25/02/19,13.89858246,2019,2,25,1.1,1.5,3.3
CT,11,Chardonnay,Az Ca‚Äô Lustra Zanovello,45.305664,11.696812,29/03/19,20.10110092,2019,3,29,1.1,1.5,3.3
CT,11,Chardonnay,Az Ca‚Äô Lustra Zanovello,45.305664,11.696812,01/06/19,25.45915222,2019,6,1,1.1,1.5,3.3
CT,11,Chardonnay,Az Ca‚Äô Lustra Zanovello,45.305664,11.696812,03/07/19,29.20907974,2019,7,3,1.1,1.5,3.3
CT,11,Chardonnay,Az Ca‚Äô Lustra Zanovello,45.305664,11.696812,19/07/19,21.91495323,2019,7,19,1.1,1.5,3.3
CT,11,Chardonnay,Az Ca‚Äô Lustra Zanovello,45.305664,11.696812,04/08/19,25.71631813,2019,8,4,1.1,1.5,3.3
CT,11,Chardonnay,Az Ca‚Äô Lustra Zanovello,45.305664,11.696812,05/09/19,28.06944847,2019,9,5,1.1,1.5,3.3
CT,11,Chardonnay,Az Ca‚Äô Lustra Zanovello,45.305664,11.696812,21/09/19,14.86557961,2019,9,21,1.1,1.5,3.3
CT,11,Chardonnay,Az Ca‚Äô Lustra Zanovello,45.305664,11.696812,26/12/19,8.849526405,2019,12,26,1.1,1.5,3.3
CT,12,Merlot,Az Ca‚Äô Lustra Zanovello,45.303423,11.691333,24/01/19,4.438646793,2019,1,24,0.8,3.2,2.6
CT,12,Merlot,Az Ca‚Äô Lustra Zanovello,45.303423,11.691333,25/02/19,14.67878628,2019,2,25,0.8,3.2,2.6
CT,12,Merlot,Az Ca‚Äô Lustra Zanovello,45.303423,11.691333,29/03/19,21.77479553,2019,3,29,0.8,3.2,2.6
CT,12,Merlot,Az Ca‚Äô Lustra Zanovello,45.303423,11.691333,01/06/19,25.75979042,2019,6,1,0.8,3.2,2.6
CT,12,Merlot,Az Ca‚Äô Lustra Zanovello,45.303423,11.691333,03/07/19,30.06033707,2019,7,3,0.8,3.2,2.6
CT,12,Merlot,Az Ca‚Äô Lustra Zanovello,45.303423,11.691333,19/07/19,21.00280952,2019,7,19,0.8,3.2,2.6
CT,12,Merlot,Az Ca‚Äô Lustra Zanovello,45.303423,11.691333,04/08/19,26.95023727,2019,8,4,0.8,3.2,2.6
CT,12,Merlot,Az Ca‚Äô Lustra Zanovello,45.303423,11.691333,05/09/19,28.12413788,2019,9,5,0.8,3.2,2.6
CT,12,Merlot,Az Ca‚Äô Lustra Zanovello,45.303423,11.691333,21/09/19,15.0893507,2019,9,21,0.8,3.2,2.6
CT,12,Merlot,Az Ca‚Äô Lustra Zanovello,45.303423,11.691333,26/12/19,8.877763748,2019,12,26,0.8,3.2,2.6
CT,13,Moscato giallo,Az Ca‚Äô Lustra Zanovello,45.302492,11.690781,24/01/19,5.109358311,2019,1,24,1.1,1.0,2.4
CT,13,Moscato giallo,Az Ca‚Äô Lustra Zanovello,45.302492,11.690781,25/02/19,15.35516548,2019,2,25,1.1,1.0,2.4
CT,13,Moscato giallo,Az Ca‚Äô Lustra Zanovello,45.302492,11.690781,29/03/19,21.29767799,2019,3,29,1.1,1.0,2.4
CT,13,Moscato giallo,Az Ca‚Äô Lustra Zanovello,45.302492,11.690781,01/06/19,26.8854847,2019,6,1,1.1,1.0,2.4
CT,13,Moscato giallo,Az Ca‚Äô Lustra Zanovello,45.302492,11.690781,03/07/19,31.28605461,2019,7,3,1.1,1.0,2.4
CT,13,Moscato giallo,Az Ca‚Äô Lustra Zanovello,45.302492,11.690781,19/07/19,21.78983688,2019,7,19,1.1,1.0,2.4
CT,13,Moscato giallo,Az Ca‚Äô Lustra Zanovello,45.302492,11.690781,04/08/19,27.42417717,2019,8,4,1.1,1.0,2.4
CT,13,Moscato giallo,Az Ca‚Äô Lustra Zanovello,45.302492,11.690781,05/09/19,29.38797379,2019,9,5,1.1,1.0,2.4
CT,13,Moscato giallo,Az Ca‚Äô Lustra Zanovello,45.302492,11.690781,21/09/19,15.64151764,2019,9,21,1.1,1.0,2.4
CT,13,Moscato giallo,Az Ca‚Äô Lustra Zanovello,45.302492,11.690781,26/12/19,9.933938026,2019,12,26,1.1,1.0,2.4
CT,14,Glera,Az Ca‚Äô Lustra Zanovello,45.305964,11.693174,24/01/19,5.410867691,2019,1,24,0.9,1.3,3.5
CT,14,Glera,Az Ca‚Äô Lustra Zanovello,45.305964,11.693174,25/02/19,15.16388321,2019,2,25,0.9,1.3,3.5
CT,14,Glera,Az Ca‚Äô Lustra Zanovello,45.305964,11.693174,29/03/19,21.3428936,2019,3,29,0.9,1.3,3.5
CT,14,Glera,Az Ca‚Äô Lustra Zanovello,45.305964,11.693174,01/06/19,25.35687828,2019,6,1,0.9,1.3,3.5
CT,14,Glera,Az Ca‚Äô Lustra Zanovello,45.305964,11.693174,03/07/19,28.21637917,2019,7,3,0.9,1.3,3.5
CT,14,Glera,Az Ca‚Äô Lustra Zanovello,45.305964,11.693174,19/07/19,20.30426788,2019,7,19,0.9,1.3,3.5
CT,14,Glera,Az Ca‚Äô Lustra Zanovello,45.305964,11.693174,04/08/19,26.16347885,2019,8,4,0.9,1.3,3.5
CT,14,Glera,Az Ca‚Äô Lustra Zanovello,45.305964,11.693174,05/09/19,28.27595329,2019,9,5,0.9,1.3,3.5
CT,14,Glera,Az Ca‚Äô Lustra Zanovello,45.305964,11.693174,21/09/19,15.1425457,2019,9,21,0.9,1.3,3.5
CT,14,Glera,Az Ca‚Äô Lustra Zanovello,45.305964,11.693174,26/12/19,11.80608082,2019,12,26,0.9,1.3,3.5
SU,15,Chardonnay,Az. Il Fil√≤ delle Vigne,45.24539,11.700875,24/01/19,6.445950508,2019,1,24,1.3,1.5,2.7
SU,15,Chardonnay,Az. Il Fil√≤ delle Vigne,45.24539,11.700875,25/02/19,15.33129501,2019,2,25,1.3,1.5,2.7
SU,15,Chardonnay,Az. Il Fil√≤ delle Vigne,45.24539,11.700875,29/03/19,22.21743965,2019,3,29,1.3,1.5,2.7
SU,15,Chardonnay,Az. Il Fil√≤ delle Vigne,45.24539,11.700875,01/06/19,25.81999016,2019,6,1,1.3,1.5,2.7
SU,15,Chardonnay,Az. Il Fil√≤ delle Vigne,45.24539,11.700875,03/07/19,30.64058495,2019,7,3,1.3,1.5,2.7
SU,15,Chardonnay,Az. Il Fil√≤ delle Vigne,45.24539,11.700875,19/07/19,20.76787186,2019,7,19,1.3,1.5,2.7
SU,15,Chardonnay,Az. Il Fil√≤ delle Vigne,45.24539,11.700875,04/08/19,27.42864609,2019,8,4,1.3,1.5,2.7
SU,15,Chardonnay,Az. Il Fil√≤ delle Vigne,45.24539,11.700875,05/09/19,29.5426712,2019,9,5,1.3,1.5,2.7
SU,15,Chardonnay,Az. Il Fil√≤ delle Vigne,45.24539,11.700875,21/09/19,18.515728,2019,9,21,1.3,1.5,2.7
SU,15,Chardonnay,Az. Il Fil√≤ delle Vigne,45.24539,11.700875,26/12/19,8.203531265,2019,12,26,1.3,1.5,2.7
SU,16,Merlot,Az. Il Mottolo,45.251184,11.704945,24/01/19,6.011127949,2019,1,24,1.8,4.3,0.5
SU,16,Merlot,Az. Il Mottolo,45.251184,11.704945,25/02/19,15.26219177,2019,2,25,1.8,4.3,0.5
SU,16,Merlot,Az. Il Mottolo,45.251184,11.704945,29/03/19,25.44230843,2019,3,29,1.8,4.3,0.5
SU,16,Merlot,Az. Il Mottolo,45.251184,11.704945,01/06/19,30.31028366,2019,6,1,1.8,4.3,0.5
SU,16,Merlot,Az. Il Mottolo,45.251184,11.704945,03/07/19,34.68294907,2019,7,3,1.8,4.3,0.5
SU,16,Merlot,Az. Il Mottolo,45.251184,11.704945,19/07/19,23.87553978,2019,7,19,1.8,4.3,0.5
SU,16,Merlot,Az. Il Mottolo,45.251184,11.704945,04/08/19,27.51965904,2019,8,4,1.8,4.3,0.5
SU,16,Merlot,Az. Il Mottolo,45.251184,11.704945,05/09/19,32.83376312,2019,9,5,1.8,4.3,0.5
SU,16,Merlot,Az. Il Mottolo,45.251184,11.704945,21/09/19,18.31449318,2019,9,21,1.8,4.3,0.5
SU,16,Merlot,Az. Il Mottolo,45.251184,11.704945,26/12/19,6.060505867,2019,12,26,1.8,4.3,0.5
SU,17,Carbernet Sauvignon,Az. Il Mottolo,45.251184,11.704945,24/01/19,7.64489603,2019,1,24,1.4,2.2,1.1
SU,17,Carbernet Sauvignon,Az. Il Mottolo,45.251184,11.704945,25/02/19,15.83197403,2019,2,25,1.4,2.2,1.1
SU,17,Carbernet Sauvignon,Az. Il Mottolo,45.251184,11.704945,29/03/19,24.90200424,2019,3,29,1.4,2.2,1.1
SU,17,Carbernet Sauvignon,Az. Il Mottolo,45.251184,11.704945,01/06/19,28.15920448,2019,6,1,1.4,2.2,1.1
SU,17,Carbernet Sauvignon,Az. Il Mottolo,45.251184,11.704945,03/07/19,32.66425705,2019,7,3,1.4,2.2,1.1
SU,17,Carbernet Sauvignon,Az. Il Mottolo,45.251184,11.704945,19/07/19,22.09005737,2019,7,19,1.4,2.2,1.1
SU,17,Carbernet Sauvignon,Az. Il Mottolo,45.251184,11.704945,04/08/19,28.75876045,2019,8,4,1.4,2.2,1.1
SU,17,Carbernet Sauvignon,Az. Il Mottolo,45.251184,11.704945,05/09/19,32.3068428,2019,9,5,1.4,2.2,1.1
SU,17,Carbernet Sauvignon,Az. Il Mottolo,45.251184,11.704945,21/09/19,19.10235023,2019,9,21,1.4,2.2,1.1
SU,17,Carbernet Sauvignon,Az. Il Mottolo,45.251184,11.704945,26/12/19,8.821276665,2019,12,26,1.4,2.2,1.1
SU,18,Moscato giallo,Az. Il Mottolo,45.251184,11.704945,24/01/19,7.421718121,2019,1,24,0.7,1.2,4.0
SU,18,Moscato giallo,Az. Il Mottolo,45.251184,11.704945,25/02/19,15.68386936,2019,2,25,0.7,1.2,4.0
SU,18,Moscato giallo,Az. Il Mottolo,45.251184,11.704945,29/03/19,24.37390327,2019,3,29,0.7,1.2,4.0
SU,18,Moscato giallo,Az. Il Mottolo,45.251184,11.704945,01/06/19,27.7218647,2019,6,1,0.7,1.2,4.0
SU,18,Moscato giallo,Az. Il Mottolo,45.251184,11.704945,03/07/19,31.98036575,2019,7,3,0.7,1.2,4.0
SU,18,Moscato giallo,Az. Il Mottolo,45.251184,11.704945,19/07/19,21.23465538,2019,7,19,0.7,1.2,4.0
SU,18,Moscato giallo,Az. Il Mottolo,45.251184,11.704945,04/08/19,28.73990822,2019,8,4,0.7,1.2,4.0
SU,18,Moscato giallo,Az. Il Mottolo,45.251184,11.704945,05/09/19,31.93221474,2019,9,5,0.7,1.2,4.0
SU,18,Moscato giallo,Az. Il Mottolo,45.251184,11.704945,21/09/19,18.88148499,2019,9,21,0.7,1.2,4.0
SU,18,Moscato giallo,Az. Il Mottolo,45.251184,11.704945,26/12/19,7.990129948,2019,12,26,0.7,1.2,4.0
SU,19,Glera,Az. Vignale di Cecilia,45.274998,11.689283,24/01/19,5.883227825,2019,1,24,1.0,1.3,2.9
SU,19,Glera,Az. Vignale di Cecilia,45.274998,11.689283,25/02/19,15.09471512,2019,2,25,1.0,1.3,2.9
SU,19,Glera,Az. Vignale di Cecilia,45.274998,11.689283,29/03/19,22.83981133,2019,3,29,1.0,1.3,2.9
SU,19,Glera,Az. Vignale di Cecilia,45.274998,11.689283,01/06/19,26.92571449,2019,6,1,1.0,1.3,2.9
SU,19,Glera,Az. Vignale di Cecilia,45.274998,11.689283,03/07/19,30.2490921,2019,7,3,1.0,1.3,2.9
SU,19,Glera,Az. Vignale di Cecilia,45.274998,11.689283,19/07/19,20.98002243,2019,7,19,1.0,1.3,2.9
SU,19,Glera,Az. Vignale di Cecilia,45.274998,11.689283,04/08/19,27.04093933,2019,8,4,1.0,1.3,2.9
SU,19,Glera,Az. Vignale di Cecilia,45.274998,11.689283,05/09/19,29.63876724,2019,9,5,1.0,1.3,2.9
SU,19,Glera,Az. Vignale di Cecilia,45.274998,11.689283,21/09/19,17.73144341,2019,9,21,1.0,1.3,2.9
SU,19,Glera,Az. Vignale di Cecilia,45.274998,11.689283,26/12/19,7.930300713,2019,12,26,1.0,1.3,2.9
CT,20,Carbernet Sauvignon,Az Ca‚Äô Lustra Zanovello,45.305664,11.696812,24/01/19,2.344087601,2019,1,24,,,
CT,20,Carbernet Sauvignon,Az Ca‚Äô Lustra Zanovello,45.305664,11.696812,25/02/19,12.18963432,2019,2,25,,,
CT,20,Carbernet Sauvignon,Az Ca‚Äô Lustra Zanovello,45.305664,11.696812,29/03/19,19.30487442,2019,3,29,,,
CT,20,Carbernet Sauvignon,Az Ca‚Äô Lustra Zanovello,45.305664,11.696812,01/06/19,24.48164749,2019,6,1,,,
CT,20,Carbernet Sauvignon,Az Ca‚Äô Lustra Zanovello,45.305664,11.696812,03/07/19,28.7280407,2019,7,3,,,
CT,20,Carbernet Sauvignon,Az Ca‚Äô Lustra Zanovello,45.305664,11.696812,19/07/19,21.3202343,2019,7,19,,,
CT,20,Carbernet Sauvignon,Az Ca‚Äô Lustra Zanovello,45.305664,11.696812,04/08/19,24.8775425,2019,8,4,,,
CT,20,Carbernet Sauvignon,Az Ca‚Äô Lustra Zanovello,45.305664,11.696812,05/09/19,26.76786804,2019,9,5,,,
CT,20,Carbernet Sauvignon,Az Ca‚Äô Lustra Zanovello,45.305664,11.696812,21/09/19,14.1672945,2019,9,21,,,
CT,20,Carbernet Sauvignon,Az Ca‚Äô Lustra Zanovello,45.305664,11.696812,26/12/19,7.830498219,2019,12,26,,,
NE,1,Chardonnay,Az. Vignalta,45.344174,11.712021,11/01/20,5.591912746,2020,1,11,0.99,0.30,2.10
NE,1,Chardonnay,Az. Vignalta,45.344174,11.712021,12/02/20,11.34394932,2020,2,12,0.99,0.30,2.10
NE,1,Chardonnay,Az. Vignalta,45.344174,11.712021,28/02/20,15.43474483,2020,2,28,0.99,0.30,2.10
NE,1,Chardonnay,Az. Vignalta,45.344174,11.712021,15/03/20,15.11057949,2020,3,15,0.99,0.30,2.10
NE,1,Chardonnay,Az. Vignalta,45.344174,11.712021,16/04/20,17.5650425,2020,4,16,0.99,0.30,2.10
NE,1,Chardonnay,Az. Vignalta,45.344174,11.712021,05/07/20,32.12292099,2020,7,5,0.99,0.30,2.10
NE,1,Chardonnay,Az. Vignalta,45.344174,11.712021,21/07/20,32.79240799,2020,7,21,0.99,0.30,2.10
NE,1,Chardonnay,Az. Vignalta,45.344174,11.712021,06/08/20,26.04272652,2020,8,6,0.99,0.30,2.10
NE,1,Chardonnay,Az. Vignalta,45.344174,11.712021,22/08/20,28.90007019,2020,8,22,0.99,0.30,2.10
NE,1,Chardonnay,Az. Vignalta,45.344174,11.712021,05/09/20,12.47638226,2020,9,5,0.99,0.30,2.10
NE,1,Chardonnay,Az. Vignalta,45.344174,11.712021,25/10/20,17.06718254,2020,10,25,0.99,0.30,2.10
NE,1,Chardonnay,Az. Vignalta,45.344174,11.712021,10/11/20,14.41666889,2020,11,10,0.99,0.30,2.10
NE,1,Chardonnay,Az. Vignalta,45.344174,11.712021,26/11/20,7.590576172,2020,11,26,0.99,0.30,2.10
NE,2,Merlot,Az Fattoria Eolia,45.345205,11.699838,11/01/20,7.327143669,2020,1,11,1.61,4.70,0.50
NE,2,Merlot,Az Fattoria Eolia,45.345205,11.699838,12/02/20,10.91022587,2020,2,12,1.61,4.70,0.50
NE,2,Merlot,Az Fattoria Eolia,45.345205,11.699838,28/02/20,14.63336182,2020,2,28,1.61,4.70,0.50
NE,2,Merlot,Az Fattoria Eolia,45.345205,11.699838,15/03/20,13.95774746,2020,3,15,1.61,4.70,0.50
NE,2,Merlot,Az Fattoria Eolia,45.345205,11.699838,16/04/20,14.92154503,2020,4,16,1.61,4.70,0.50
NE,2,Merlot,Az Fattoria Eolia,45.345205,11.699838,05/07/20,NA,2020,7,5,1.61,4.70,0.50
NE,2,Merlot,Az Fattoria Eolia,45.345205,11.699838,21/07/20,31.6001091,2020,7,21,1.61,4.70,0.50
NE,2,Merlot,Az Fattoria Eolia,45.345205,11.699838,06/08/20,25.69445992,2020,8,6,1.61,4.70,0.50
NE,2,Merlot,Az Fattoria Eolia,45.345205,11.699838,22/08/20,28.85075378,2020,8,22,1.61,4.70,0.50
NE,2,Merlot,Az Fattoria Eolia,45.345205,11.699838,05/09/20,12.05280209,2020,9,5,1.61,4.70,0.50
NE,2,Merlot,Az Fattoria Eolia,45.345205,11.699838,25/10/20,16.53014374,2020,10,25,1.61,4.70,0.50
NE,2,Merlot,Az Fattoria Eolia,45.345205,11.699838,10/11/20,14.00884151,2020,11,10,1.61,4.70,0.50
NE,2,Merlot,Az Fattoria Eolia,45.345205,11.699838,26/11/20,8.52136898,2020,11,26,1.61,4.70,0.50
NE,3,Carbernet Sauvignon,Az Fattoria Eolia,45.345205,11.699838,11/01/20,7.324280739,2020,1,11,1.24,0.70,2.00
NE,3,Carbernet Sauvignon,Az Fattoria Eolia,45.345205,11.699838,12/02/20,11.22810268,2020,2,12,1.24,0.70,2.00
NE,3,Carbernet Sauvignon,Az Fattoria Eolia,45.345205,11.699838,28/02/20,14.83094406,2020,2,28,1.24,0.70,2.00
NE,3,Carbernet Sauvignon,Az Fattoria Eolia,45.345205,11.699838,15/03/20,14.47287273,2020,3,15,1.24,0.70,2.00
NE,3,Carbernet Sauvignon,Az Fattoria Eolia,45.345205,11.699838,16/04/20,17.72377205,2020,4,16,1.24,0.70,2.00
NE,3,Carbernet Sauvignon,Az Fattoria Eolia,45.345205,11.699838,05/07/20,31.59343529,2020,7,5,1.24,0.70,2.00
NE,3,Carbernet Sauvignon,Az Fattoria Eolia,45.345205,11.699838,21/07/20,33.1624527,2020,7,21,1.24,0.70,2.00
NE,3,Carbernet Sauvignon,Az Fattoria Eolia,45.345205,11.699838,06/08/20,25.78910446,2020,8,6,1.24,0.70,2.00
NE,3,Carbernet Sauvignon,Az Fattoria Eolia,45.345205,11.699838,22/08/20,29.66723061,2020,8,22,1.24,0.70,2.00
NE,3,Carbernet Sauvignon,Az Fattoria Eolia,45.345205,11.699838,05/09/20,12.10208797,2020,9,5,1.24,0.70,2.00
NE,3,Carbernet Sauvignon,Az Fattoria Eolia,45.345205,11.699838,25/10/20,16.78191185,2020,10,25,1.24,0.70,2.00
NE,3,Carbernet Sauvignon,Az Fattoria Eolia,45.345205,11.699838,10/11/20,13.86628723,2020,11,10,1.24,0.70,2.00
NE,3,Carbernet Sauvignon,Az Fattoria Eolia,45.345205,11.699838,26/11/20,8.200690269,2020,11,26,1.24,0.70,2.00
NE,4,Moscato giallo,Az Fattoria Eolia,45.345205,11.699838,11/01/20,6.028558731,2020,1,11,1.18,1.10,1.30
NE,4,Moscato giallo,Az Fattoria Eolia,45.345205,11.699838,12/02/20,9.799716949,2020,2,12,1.18,1.10,1.30
NE,4,Moscato giallo,Az Fattoria Eolia,45.345205,11.699838,28/02/20,12.84935474,2020,2,28,1.18,1.10,1.30
NE,4,Moscato giallo,Az Fattoria Eolia,45.345205,11.699838,15/03/20,13.19392014,2020,3,15,1.18,1.10,1.30
NE,4,Moscato giallo,Az Fattoria Eolia,45.345205,11.699838,16/04/20,14.57450199,2020,4,16,1.18,1.10,1.30
NE,4,Moscato giallo,Az Fattoria Eolia,45.345205,11.699838,05/07/20,29.00167465,2020,7,5,1.18,1.10,1.30
NE,4,Moscato giallo,Az Fattoria Eolia,45.345205,11.699838,21/07/20,30.55242538,2020,7,21,1.18,1.10,1.30
NE,4,Moscato giallo,Az Fattoria Eolia,45.345205,11.699838,06/08/20,24.70662689,2020,8,6,1.18,1.10,1.30
NE,4,Moscato giallo,Az Fattoria Eolia,45.345205,11.699838,22/08/20,28.26406097,2020,8,22,1.18,1.10,1.30
NE,4,Moscato giallo,Az Fattoria Eolia,45.345205,11.699838,05/09/20,10.27710724,2020,9,5,1.18,1.10,1.30
NE,4,Moscato giallo,Az Fattoria Eolia,45.345205,11.699838,25/10/20,15.75530243,2020,10,25,1.18,1.10,1.30
NE,4,Moscato giallo,Az Fattoria Eolia,45.345205,11.699838,10/11/20,12.74057674,2020,11,10,1.18,1.10,1.30
NE,4,Moscato giallo,Az Fattoria Eolia,45.345205,11.699838,26/11/20,7.034269333,2020,11,26,1.18,1.10,1.30
NE,5,Glera,Az Fattoria Eolia,45.345205,11.699838,11/01/20,7.301338196,2020,1,11,0.89,1.80,3.00
NE,5,Glera,Az Fattoria Eolia,45.345205,11.699838,12/02/20,11.20602036,2020,2,12,0.89,1.80,3.00
NE,5,Glera,Az Fattoria Eolia,45.345205,11.699838,28/02/20,14.76156712,2020,2,28,0.89,1.80,3.00
NE,5,Glera,Az Fattoria Eolia,45.345205,11.699838,15/03/20,14.07870388,2020,3,15,0.89,1.80,3.00
NE,5,Glera,Az Fattoria Eolia,45.345205,11.699838,16/04/20,15.98512554,2020,4,16,0.89,1.80,3.00
NE,5,Glera,Az Fattoria Eolia,45.345205,11.699838,05/07/20,NA,2020,7,5,0.89,1.80,3.00
NE,5,Glera,Az Fattoria Eolia,45.345205,11.699838,21/07/20,32.41470337,2020,7,21,0.89,1.80,3.00
NE,5,Glera,Az Fattoria Eolia,45.345205,11.699838,06/08/20,26.1685791,2020,8,6,0.89,1.80,3.00
NE,5,Glera,Az Fattoria Eolia,45.345205,11.699838,22/08/20,29.42304993,2020,8,22,0.89,1.80,3.00
NE,5,Glera,Az Fattoria Eolia,45.345205,11.699838,05/09/20,11.85821438,2020,9,5,0.89,1.80,3.00
NE,5,Glera,Az Fattoria Eolia,45.345205,11.699838,25/10/20,16.48811722,2020,10,25,0.89,1.80,3.00
NE,5,Glera,Az Fattoria Eolia,45.345205,11.699838,10/11/20,14.03573036,2020,11,10,0.89,1.80,3.00
NE,5,Glera,Az Fattoria Eolia,45.345205,11.699838,26/11/20,8.561032295,2020,11,26,0.89,1.80,3.00
NO,6,Chardonnay,Az. San Nazario,45.30811,11.642855,11/01/20,5.165046692,2020,1,11,1.04,1.30,2.40
NO,6,Chardonnay,Az. San Nazario,45.30811,11.642855,12/02/20,12.00076008,2020,2,12,1.04,1.30,2.40
NO,6,Chardonnay,Az. San Nazario,45.30811,11.642855,28/02/20,16.71905518,2020,2,28,1.04,1.30,2.40
NO,6,Chardonnay,Az. San Nazario,45.30811,11.642855,15/03/20,16.66137123,2020,3,15,1.04,1.30,2.40
NO,6,Chardonnay,Az. San Nazario,45.30811,11.642855,16/04/20,22.62615013,2020,4,16,1.04,1.30,2.40
NO,6,Chardonnay,Az. San Nazario,45.30811,11.642855,05/07/20,NA,2020,7,5,1.04,1.30,2.40
NO,6,Chardonnay,Az. San Nazario,45.30811,11.642855,21/07/20,30.61726952,2020,7,21,1.04,1.30,2.40
NO,6,Chardonnay,Az. San Nazario,45.30811,11.642855,06/08/20,25.34716415,2020,8,6,1.04,1.30,2.40
NO,6,Chardonnay,Az. San Nazario,45.30811,11.642855,22/08/20,30.56139755,2020,8,22,1.04,1.30,2.40
NO,6,Chardonnay,Az. San Nazario,45.30811,11.642855,05/09/20,12.03635883,2020,9,5,1.04,1.30,2.40
NO,6,Chardonnay,Az. San Nazario,45.30811,11.642855,25/10/20,16.49337006,2020,10,25,1.04,1.30,2.40
NO,6,Chardonnay,Az. San Nazario,45.30811,11.642855,10/11/20,13.91741085,2020,11,10,1.04,1.30,2.40
NO,6,Chardonnay,Az. San Nazario,45.30811,11.642855,26/11/20,7.693468094,2020,11,26,1.04,1.30,2.40
NO,7,Merlot,Az. San Nazario,45.30811,11.642855,11/01/20,5.551061153,2020,1,11,1.77,3.20,0.60
NO,7,Merlot,Az. San Nazario,45.30811,11.642855,12/02/20,11.99803257,2020,2,12,1.77,3.20,0.60
NO,7,Merlot,Az. San Nazario,45.30811,11.642855,28/02/20,16.49598885,2020,2,28,1.77,3.20,0.60
NO,7,Merlot,Az. San Nazario,45.30811,11.642855,15/03/20,16.35140991,2020,3,15,1.77,3.20,0.60
NO,7,Merlot,Az. San Nazario,45.30811,11.642855,16/04/20,21.60925674,2020,4,16,1.77,3.20,0.60
NO,7,Merlot,Az. San Nazario,45.30811,11.642855,05/07/20,NA,2020,7,5,1.77,3.20,0.60
NO,7,Merlot,Az. San Nazario,45.30811,11.642855,21/07/20,30.74776268,2020,7,21,1.77,3.20,0.60
NO,7,Merlot,Az. San Nazario,45.30811,11.642855,06/08/20,25.26480484,2020,8,6,1.77,3.20,0.60
NO,7,Merlot,Az. San Nazario,45.30811,11.642855,22/08/20,30.79662514,2020,8,22,1.77,3.20,0.60
NO,7,Merlot,Az. San Nazario,45.30811,11.642855,05/09/20,12.33719063,2020,9,5,1.77,3.20,0.60
NO,7,Merlot,Az. San Nazario,45.30811,11.642855,25/10/20,16.72430611,2020,10,25,1.77,3.20,0.60
NO,7,Merlot,Az. San Nazario,45.30811,11.642855,10/11/20,14.46753407,2020,11,10,1.77,3.20,0.60
NO,7,Merlot,Az. San Nazario,45.30811,11.642855,26/11/20,8.243313789,2020,11,26,1.77,3.20,0.60
NO,8,Carbernet Sauvignon,Az. San Nazario,45.30811,11.642855,11/01/20,5.932663441,2020,1,11,1.12,1.30,2.00
NO,8,Carbernet Sauvignon,Az. San Nazario,45.30811,11.642855,12/02/20,12.48728561,2020,2,12,1.12,1.30,2.00
NO,8,Carbernet Sauvignon,Az. San Nazario,45.30811,11.642855,28/02/20,16.79767609,2020,2,28,1.12,1.30,2.00
NO,8,Carbernet Sauvignon,Az. San Nazario,45.30811,11.642855,15/03/20,16.77672386,2020,3,15,1.12,1.30,2.00
NO,8,Carbernet Sauvignon,Az. San Nazario,45.30811,11.642855,16/04/20,22.93666267,2020,4,16,1.12,1.30,2.00
NO,8,Carbernet Sauvignon,Az. San Nazario,45.30811,11.642855,05/07/20,NA,2020,7,5,1.12,1.30,2.00
NO,8,Carbernet Sauvignon,Az. San Nazario,45.30811,11.642855,21/07/20,30.76171303,2020,7,21,1.12,1.30,2.00
NO,8,Carbernet Sauvignon,Az. San Nazario,45.30811,11.642855,06/08/20,25.36202812,2020,8,6,1.12,1.30,2.00
NO,8,Carbernet Sauvignon,Az. San Nazario,45.30811,11.642855,22/08/20,30.99156761,2020,8,22,1.12,1.30,2.00
NO,8,Carbernet Sauvignon,Az. San Nazario,45.30811,11.642855,05/09/20,12.34809113,2020,9,5,1.12,1.30,2.00
NO,8,Carbernet Sauvignon,Az. San Nazario,45.30811,11.642855,25/10/20,16.82648849,2020,10,25,1.12,1.30,2.00
NO,8,Carbernet Sauvignon,Az. San Nazario,45.30811,11.642855,10/11/20,14.57186031,2020,11,10,1.12,1.30,2.00
NO,8,Carbernet Sauvignon,Az. San Nazario,45.30811,11.642855,26/11/20,8.356893539,2020,11,26,1.12,1.30,2.00
NO,9,Moscato giallo,Az. San Nazario,45.30811,11.642855,11/01/20,6.390978336,2020,1,11,1.03,0.30,2.40
NO,9,Moscato giallo,Az. San Nazario,45.30811,11.642855,12/02/20,12.59631348,2020,2,12,1.03,0.30,2.40
NO,9,Moscato giallo,Az. San Nazario,45.30811,11.642855,28/02/20,17.14817047,2020,2,28,1.03,0.30,2.40
NO,9,Moscato giallo,Az. San Nazario,45.30811,11.642855,15/03/20,16.87100792,2020,3,15,1.03,0.30,2.40
NO,9,Moscato giallo,Az. San Nazario,45.30811,11.642855,16/04/20,22.51665306,2020,4,16,1.03,0.30,2.40
NO,9,Moscato giallo,Az. San Nazario,45.30811,11.642855,05/07/20,NA,2020,7,5,1.03,0.30,2.40
NO,9,Moscato giallo,Az. San Nazario,45.30811,11.642855,21/07/20,30.74082375,2020,7,21,1.03,0.30,2.40
NO,9,Moscato giallo,Az. San Nazario,45.30811,11.642855,06/08/20,25.40821075,2020,8,6,1.03,0.30,2.40
NO,9,Moscato giallo,Az. San Nazario,45.30811,11.642855,22/08/20,31.52622414,2020,8,22,1.03,0.30,2.40
NO,9,Moscato giallo,Az. San Nazario,45.30811,11.642855,05/09/20,13.04210949,2020,9,5,1.03,0.30,2.40
NO,9,Moscato giallo,Az. San Nazario,45.30811,11.642855,25/10/20,17.17166328,2020,10,25,1.03,0.30,2.40
NO,9,Moscato giallo,Az. San Nazario,45.30811,11.642855,10/11/20,15.12662983,2020,11,10,1.03,0.30,2.40
NO,9,Moscato giallo,Az. San Nazario,45.30811,11.642855,26/11/20,9.035754204,2020,11,26,1.03,0.30,2.40
NO,10,Glera,Az. San Nazario,45.30811,11.642855,11/01/20,7.005517483,2020,1,11,0.90,0.20,3.00
NO,10,Glera,Az. San Nazario,45.30811,11.642855,12/02/20,12.74059391,2020,2,12,0.90,0.20,3.00
NO,10,Glera,Az. San Nazario,45.30811,11.642855,28/02/20,17.33079147,2020,2,28,0.90,0.20,3.00
NO,10,Glera,Az. San Nazario,45.30811,11.642855,15/03/20,16.73211098,2020,3,15,0.90,0.20,3.00
NO,10,Glera,Az. San Nazario,45.30811,11.642855,16/04/20,21.11883926,2020,4,16,0.90,0.20,3.00
NO,10,Glera,Az. San Nazario,45.30811,11.642855,05/07/20,NA,2020,7,5,0.90,0.20,3.00
NO,10,Glera,Az. San Nazario,45.30811,11.642855,21/07/20,31.27630424,2020,7,21,0.90,0.20,3.00
NO,10,Glera,Az. San Nazario,45.30811,11.642855,06/08/20,25.90256691,2020,8,6,0.90,0.20,3.00
NO,10,Glera,Az. San Nazario,45.30811,11.642855,22/08/20,31.33189392,2020,8,22,0.90,0.20,3.00
NO,10,Glera,Az. San Nazario,45.30811,11.642855,05/09/20,13.12346935,2020,9,5,0.90,0.20,3.00
NO,10,Glera,Az. San Nazario,45.30811,11.642855,25/10/20,17.40117645,2020,10,25,0.90,0.20,3.00
NO,10,Glera,Az. San Nazario,45.30811,11.642855,10/11/20,15.36579227,2020,11,10,0.90,0.20,3.00
NO,10,Glera,Az. San Nazario,45.30811,11.642855,26/11/20,9.320095062,2020,11,26,0.90,0.20,3.00
CT,11,Chardonnay,Az Ca‚Äô Lustra Zanovello,45.305664,11.696812,11/01/20,8.195004463,2020,1,11,0.98,3.10,1.90
CT,11,Chardonnay,Az Ca‚Äô Lustra Zanovello,45.305664,11.696812,12/02/20,12.97157669,2020,2,12,0.98,3.10,1.90
CT,11,Chardonnay,Az Ca‚Äô Lustra Zanovello,45.305664,11.696812,28/02/20,14.76957226,2020,2,28,0.98,3.10,1.90
CT,11,Chardonnay,Az Ca‚Äô Lustra Zanovello,45.305664,11.696812,15/03/20,14.55848503,2020,3,15,0.98,3.10,1.90
CT,11,Chardonnay,Az Ca‚Äô Lustra Zanovello,45.305664,11.696812,16/04/20,14.04108334,2020,4,16,0.98,3.10,1.90
CT,11,Chardonnay,Az Ca‚Äô Lustra Zanovello,45.305664,11.696812,05/07/20,28.58826256,2020,7,5,0.98,3.10,1.90
CT,11,Chardonnay,Az Ca‚Äô Lustra Zanovello,45.305664,11.696812,21/07/20,32.12973785,2020,7,21,0.98,3.10,1.90
CT,11,Chardonnay,Az Ca‚Äô Lustra Zanovello,45.305664,11.696812,06/08/20,25.67256165,2020,8,6,0.98,3.10,1.90
CT,11,Chardonnay,Az Ca‚Äô Lustra Zanovello,45.305664,11.696812,22/08/20,30.93362999,2020,8,22,0.98,3.10,1.90
CT,11,Chardonnay,Az Ca‚Äô Lustra Zanovello,45.305664,11.696812,05/09/20,12.24430847,2020,9,5,0.98,3.10,1.90
CT,11,Chardonnay,Az Ca‚Äô Lustra Zanovello,45.305664,11.696812,25/10/20,17.12205124,2020,10,25,0.98,3.10,1.90
CT,11,Chardonnay,Az Ca‚Äô Lustra Zanovello,45.305664,11.696812,10/11/20,14.57455063,2020,11,10,0.98,3.10,1.90
CT,11,Chardonnay,Az Ca‚Äô Lustra Zanovello,45.305664,11.696812,26/11/20,9.18506813,2020,11,26,0.98,3.10,1.90
CT,12,Merlot,Az Ca‚Äô Lustra Zanovello,45.303423,11.691333,11/01/20,7.955945492,2020,1,11,1.66,3.90,0.40
CT,12,Merlot,Az Ca‚Äô Lustra Zanovello,45.303423,11.691333,12/02/20,12.73787308,2020,2,12,1.66,3.90,0.40
CT,12,Merlot,Az Ca‚Äô Lustra Zanovello,45.303423,11.691333,28/02/20,15.36846256,2020,2,28,1.66,3.90,0.40
CT,12,Merlot,Az Ca‚Äô Lustra Zanovello,45.303423,11.691333,15/03/20,15.53289509,2020,3,15,1.66,3.90,0.40
CT,12,Merlot,Az Ca‚Äô Lustra Zanovello,45.303423,11.691333,16/04/20,14.15927505,2020,4,16,1.66,3.90,0.40
CT,12,Merlot,Az Ca‚Äô Lustra Zanovello,45.303423,11.691333,05/07/20,32.30001831,2020,7,5,1.66,3.90,0.40
CT,12,Merlot,Az Ca‚Äô Lustra Zanovello,45.303423,11.691333,21/07/20,35.15504456,2020,7,21,1.66,3.90,0.40
CT,12,Merlot,Az Ca‚Äô Lustra Zanovello,45.303423,11.691333,06/08/20,27.11563873,2020,8,6,1.66,3.90,0.40
CT,12,Merlot,Az Ca‚Äô Lustra Zanovello,45.303423,11.691333,22/08/20,32.24261475,2020,8,22,1.66,3.90,0.40
CT,12,Merlot,Az Ca‚Äô Lustra Zanovello,45.303423,11.691333,05/09/20,12.72426414,2020,9,5,1.66,3.90,0.40
CT,12,Merlot,Az Ca‚Äô Lustra Zanovello,45.303423,11.691333,25/10/20,17.20819473,2020,10,25,1.66,3.90,0.40
CT,12,Merlot,Az Ca‚Äô Lustra Zanovello,45.303423,11.691333,10/11/20,15.10801315,2020,11,10,1.66,3.90,0.40
CT,12,Merlot,Az Ca‚Äô Lustra Zanovello,45.303423,11.691333,26/11/20,9.308850288,2020,11,26,1.66,3.90,0.40
CT,13,Moscato giallo,Az Ca‚Äô Lustra Zanovello,45.302492,11.690781,11/01/20,8.784538269,2020,1,11,0.91,1.60,2.40
CT,13,Moscato giallo,Az Ca‚Äô Lustra Zanovello,45.302492,11.690781,12/02/20,13.04753017,2020,2,12,0.91,1.60,2.40
CT,13,Moscato giallo,Az Ca‚Äô Lustra Zanovello,45.302492,11.690781,28/02/20,16.5353775,2020,2,28,0.91,1.60,2.40
CT,13,Moscato giallo,Az Ca‚Äô Lustra Zanovello,45.302492,11.690781,15/03/20,16.5143795,2020,3,15,0.91,1.60,2.40
CT,13,Moscato giallo,Az Ca‚Äô Lustra Zanovello,45.302492,11.690781,16/04/20,13.67770004,2020,4,16,0.91,1.60,2.40
CT,13,Moscato giallo,Az Ca‚Äô Lustra Zanovello,45.302492,11.690781,05/07/20,30.85490417,2020,7,5,0.91,1.60,2.40
CT,13,Moscato giallo,Az Ca‚Äô Lustra Zanovello,45.302492,11.690781,21/07/20,33.36063385,2020,7,21,0.91,1.60,2.40
CT,13,Moscato giallo,Az Ca‚Äô Lustra Zanovello,45.302492,11.690781,06/08/20,26.3060894,2020,8,6,0.91,1.60,2.40
CT,13,Moscato giallo,Az Ca‚Äô Lustra Zanovello,45.302492,11.690781,22/08/20,31.79409409,2020,8,22,0.91,1.60,2.40
CT,13,Moscato giallo,Az Ca‚Äô Lustra Zanovello,45.302492,11.690781,05/09/20,13.10179043,2020,9,5,0.91,1.60,2.40
CT,13,Moscato giallo,Az Ca‚Äô Lustra Zanovello,45.302492,11.690781,25/10/20,17.40898895,2020,10,25,0.91,1.60,2.40
CT,13,Moscato giallo,Az Ca‚Äô Lustra Zanovello,45.302492,11.690781,10/11/20,15.44274139,2020,11,10,0.91,1.60,2.40
CT,13,Moscato giallo,Az Ca‚Äô Lustra Zanovello,45.302492,11.690781,26/11/20,9.9115839,2020,11,26,0.91,1.60,2.40
CT,14,Glera,Az Ca‚Äô Lustra Zanovello,45.305964,11.693174,11/01/20,10.28825665,2020,1,11,0.93,1.30,2.50
CT,14,Glera,Az Ca‚Äô Lustra Zanovello,45.305964,11.693174,12/02/20,13.35903549,2020,2,12,0.93,1.30,2.50
CT,14,Glera,Az Ca‚Äô Lustra Zanovello,45.305964,11.693174,28/02/20,16.33034897,2020,2,28,0.93,1.30,2.50
CT,14,Glera,Az Ca‚Äô Lustra Zanovello,45.305964,11.693174,15/03/20,15.42678738,2020,3,15,0.93,1.30,2.50
CT,14,Glera,Az Ca‚Äô Lustra Zanovello,45.305964,11.693174,16/04/20,13.08276081,2020,4,16,0.93,1.30,2.50
CT,14,Glera,Az Ca‚Äô Lustra Zanovello,45.305964,11.693174,05/07/20,29.19926643,2020,7,5,0.93,1.30,2.50
CT,14,Glera,Az Ca‚Äô Lustra Zanovello,45.305964,11.693174,21/07/20,31.14896774,2020,7,21,0.93,1.30,2.50
CT,14,Glera,Az Ca‚Äô Lustra Zanovello,45.305964,11.693174,06/08/20,25.96790504,2020,8,6,0.93,1.30,2.50
CT,14,Glera,Az Ca‚Äô Lustra Zanovello,45.305964,11.693174,22/08/20,31.39435577,2020,8,22,0.93,1.30,2.50
CT,14,Glera,Az Ca‚Äô Lustra Zanovello,45.305964,11.693174,05/09/20,13.98196793,2020,9,5,0.93,1.30,2.50
CT,14,Glera,Az Ca‚Äô Lustra Zanovello,45.305964,11.693174,25/10/20,17.22386551,2020,10,25,0.93,1.30,2.50
CT,14,Glera,Az Ca‚Äô Lustra Zanovello,45.305964,11.693174,10/11/20,15.52760601,2020,11,10,0.93,1.30,2.50
CT,14,Glera,Az Ca‚Äô Lustra Zanovello,45.305964,11.693174,26/11/20,10.24647045,2020,11,26,0.93,1.30,2.50
SU,15,Chardonnay,Az. Il Fil√≤ delle Vigne,45.24539,11.700875,11/01/20,9.010387421,2020,1,11,1.25,1.90,1.80
SU,15,Chardonnay,Az. Il Fil√≤ delle Vigne,45.24539,11.700875,12/02/20,13.11263275,2020,2,12,1.25,1.90,1.80
SU,15,Chardonnay,Az. Il Fil√≤ delle Vigne,45.24539,11.700875,28/02/20,17.70037651,2020,2,28,1.25,1.90,1.80
SU,15,Chardonnay,Az. Il Fil√≤ delle Vigne,45.24539,11.700875,15/03/20,16.16444969,2020,3,15,1.25,1.90,1.80
SU,15,Chardonnay,Az. Il Fil√≤ delle Vigne,45.24539,11.700875,16/04/20,16.48274422,2020,4,16,1.25,1.90,1.80
SU,15,Chardonnay,Az. Il Fil√≤ delle Vigne,45.24539,11.700875,05/07/20,28.50552177,2020,7,5,1.25,1.90,1.80
SU,15,Chardonnay,Az. Il Fil√≤ delle Vigne,45.24539,11.700875,21/07/20,30.13720512,2020,7,21,1.25,1.90,1.80
SU,15,Chardonnay,Az. Il Fil√≤ delle Vigne,45.24539,11.700875,06/08/20,25.51246452,2020,8,6,1.25,1.90,1.80
SU,15,Chardonnay,Az. Il Fil√≤ delle Vigne,45.24539,11.700875,22/08/20,32.16427994,2020,8,22,1.25,1.90,1.80
SU,15,Chardonnay,Az. Il Fil√≤ delle Vigne,45.24539,11.700875,05/09/20,11.4156065,2020,9,5,1.25,1.90,1.80
SU,15,Chardonnay,Az. Il Fil√≤ delle Vigne,45.24539,11.700875,25/10/20,16.28033257,2020,10,25,1.25,1.90,1.80
SU,15,Chardonnay,Az. Il Fil√≤ delle Vigne,45.24539,11.700875,10/11/20,12.58813858,2020,11,10,1.25,1.90,1.80
SU,15,Chardonnay,Az. Il Fil√≤ delle Vigne,45.24539,11.700875,26/11/20,8.01006794,2020,11,26,1.25,1.90,1.80
SU,16,Merlot,Az. Il Mottolo,45.251184,11.704945,11/01/20,5.859950066,2020,1,11,1.81,4.10,0.30
SU,16,Merlot,Az. Il Mottolo,45.251184,11.704945,12/02/20,12.28802776,2020,2,12,1.81,4.10,0.30
SU,16,Merlot,Az. Il Mottolo,45.251184,11.704945,28/02/20,17.02275085,2020,2,28,1.81,4.10,0.30
SU,16,Merlot,Az. Il Mottolo,45.251184,11.704945,15/03/20,16.13286781,2020,3,15,1.81,4.10,0.30
SU,16,Merlot,Az. Il Mottolo,45.251184,11.704945,16/04/20,20.97259712,2020,4,16,1.81,4.10,0.30
SU,16,Merlot,Az. Il Mottolo,45.251184,11.704945,05/07/20,29.21380043,2020,7,5,1.81,4.10,0.30
SU,16,Merlot,Az. Il Mottolo,45.251184,11.704945,21/07/20,31.41991234,2020,7,21,1.81,4.10,0.30
SU,16,Merlot,Az. Il Mottolo,45.251184,11.704945,06/08/20,24.90415573,2020,8,6,1.81,4.10,0.30
SU,16,Merlot,Az. Il Mottolo,45.251184,11.704945,22/08/20,32.78100967,2020,8,22,1.81,4.10,0.30
SU,16,Merlot,Az. Il Mottolo,45.251184,11.704945,05/09/20,11.41285133,2020,9,5,1.81,4.10,0.30
SU,16,Merlot,Az. Il Mottolo,45.251184,11.704945,25/10/20,16.69808769,2020,10,25,1.81,4.10,0.30
SU,16,Merlot,Az. Il Mottolo,45.251184,11.704945,10/11/20,11.73743153,2020,11,10,1.81,4.10,0.30
SU,16,Merlot,Az. Il Mottolo,45.251184,11.704945,26/11/20,6.653986931,2020,11,26,1.81,4.10,0.30
SU,17,Carbernet Sauvignon,Az. Il Mottolo,45.251184,11.704945,11/01/20,9.297608376,2020,1,11,1.52,0.40,1.00
SU,17,Carbernet Sauvignon,Az. Il Mottolo,45.251184,11.704945,12/02/20,13.90933132,2020,2,12,1.52,0.40,1.00
SU,17,Carbernet Sauvignon,Az. Il Mottolo,45.251184,11.704945,28/02/20,19.10493469,2020,2,28,1.52,0.40,1.00
SU,17,Carbernet Sauvignon,Az. Il Mottolo,45.251184,11.704945,15/03/20,18.00131226,2020,3,15,1.52,0.40,1.00
SU,17,Carbernet Sauvignon,Az. Il Mottolo,45.251184,11.704945,16/04/20,19.7292099,2020,4,16,1.52,0.40,1.00
SU,17,Carbernet Sauvignon,Az. Il Mottolo,45.251184,11.704945,05/07/20,30.68027115,2020,7,5,1.52,0.40,1.00
SU,17,Carbernet Sauvignon,Az. Il Mottolo,45.251184,11.704945,21/07/20,31.11413002,2020,7,21,1.52,0.40,1.00
SU,17,Carbernet Sauvignon,Az. Il Mottolo,45.251184,11.704945,06/08/20,26.28863716,2020,8,6,1.52,0.40,1.00
SU,17,Carbernet Sauvignon,Az. Il Mottolo,45.251184,11.704945,22/08/20,33.26930237,2020,8,22,1.52,0.40,1.00
SU,17,Carbernet Sauvignon,Az. Il Mottolo,45.251184,11.704945,05/09/20,13.24538422,2020,9,5,1.52,0.40,1.00
SU,17,Carbernet Sauvignon,Az. Il Mottolo,45.251184,11.704945,25/10/20,17.16122437,2020,10,25,1.52,0.40,1.00
SU,17,Carbernet Sauvignon,Az. Il Mottolo,45.251184,11.704945,10/11/20,13.39689445,2020,11,10,1.52,0.40,1.00
SU,17,Carbernet Sauvignon,Az. Il Mottolo,45.251184,11.704945,26/11/20,8.922932625,2020,11,26,1.52,0.40,1.00
SU,18,Moscato giallo,Az. Il Mottolo,45.251184,11.704945,11/01/20,8.388114929,2020,1,11,1.29,1.70,1.30
SU,18,Moscato giallo,Az. Il Mottolo,45.251184,11.704945,12/02/20,13.55897713,2020,2,12,1.29,1.70,1.30
SU,18,Moscato giallo,Az. Il Mottolo,45.251184,11.704945,28/02/20,18.7477417,2020,2,28,1.29,1.70,1.30
SU,18,Moscato giallo,Az. Il Mottolo,45.251184,11.704945,15/03/20,17.67174721,2020,3,15,1.29,1.70,1.30
SU,18,Moscato giallo,Az. Il Mottolo,45.251184,11.704945,16/04/20,19.35606194,2020,4,16,1.29,1.70,1.30
SU,18,Moscato giallo,Az. Il Mottolo,45.251184,11.704945,05/07/20,30.70358658,2020,7,5,1.29,1.70,1.30
SU,18,Moscato giallo,Az. Il Mottolo,45.251184,11.704945,21/07/20,30.94952965,2020,7,21,1.29,1.70,1.30
SU,18,Moscato giallo,Az. Il Mottolo,45.251184,11.704945,06/08/20,25.90975571,2020,8,6,1.29,1.70,1.30
SU,18,Moscato giallo,Az. Il Mottolo,45.251184,11.704945,22/08/20,33.02072144,2020,8,22,1.29,1.70,1.30
SU,18,Moscato giallo,Az. Il Mottolo,45.251184,11.704945,05/09/20,13.07738781,2020,9,5,1.29,1.70,1.30
SU,18,Moscato giallo,Az. Il Mottolo,45.251184,11.704945,25/10/20,17.21864319,2020,10,25,1.29,1.70,1.30
SU,18,Moscato giallo,Az. Il Mottolo,45.251184,11.704945,10/11/20,12.95257378,2020,11,10,1.29,1.70,1.30
SU,18,Moscato giallo,Az. Il Mottolo,45.251184,11.704945,26/11/20,8.138136864,2020,11,26,1.29,1.70,1.30
SU,19,Glera,Az. Vignale di Cecilia,45.274998,11.689283,11/01/20,6.515345573,2020,1,11,1.16,1.20,2.00
SU,19,Glera,Az. Vignale di Cecilia,45.274998,11.689283,12/02/20,11.91855145,2020,2,12,1.16,1.20,2.00
SU,19,Glera,Az. Vignale di Cecilia,45.274998,11.689283,28/02/20,16.77931404,2020,2,28,1.16,1.20,2.00
SU,19,Glera,Az. Vignale di Cecilia,45.274998,11.689283,15/03/20,16.11173058,2020,3,15,1.16,1.20,2.00
SU,19,Glera,Az. Vignale di Cecilia,45.274998,11.689283,16/04/20,16.65343285,2020,4,16,1.16,1.20,2.00
SU,19,Glera,Az. Vignale di Cecilia,45.274998,11.689283,05/07/20,NA,2020,7,5,1.16,1.20,2.00
SU,19,Glera,Az. Vignale di Cecilia,45.274998,11.689283,21/07/20,30.69410324,2020,7,21,1.16,1.20,2.00
SU,19,Glera,Az. Vignale di Cecilia,45.274998,11.689283,06/08/20,25.57058907,2020,8,6,1.16,1.20,2.00
SU,19,Glera,Az. Vignale di Cecilia,45.274998,11.689283,22/08/20,32.10675812,2020,8,22,1.16,1.20,2.00
SU,19,Glera,Az. Vignale di Cecilia,45.274998,11.689283,05/09/20,11.46243191,2020,9,5,1.16,1.20,2.00
SU,19,Glera,Az. Vignale di Cecilia,45.274998,11.689283,25/10/20,16.63773537,2020,10,25,1.16,1.20,2.00
SU,19,Glera,Az. Vignale di Cecilia,45.274998,11.689283,10/11/20,14.05185413,2020,11,10,1.16,1.20,2.00
SU,19,Glera,Az. Vignale di Cecilia,45.274998,11.689283,26/11/20,7.973041534,2020,11,26,1.16,1.20,2.00
CT,20,Carbernet Sauvignon,Az Ca‚Äô Lustra Zanovello,45.305664,11.696812,11/01/20,7.129120827,2020,1,11,1.69,1.10,0.20
CT,20,Carbernet Sauvignon,Az Ca‚Äô Lustra Zanovello,45.305664,11.696812,12/02/20,10.96004677,2020,2,12,1.69,1.10,0.20
CT,20,Carbernet Sauvignon,Az Ca‚Äô Lustra Zanovello,45.305664,11.696812,28/02/20,13.03398895,2020,2,28,1.69,1.10,0.20
CT,20,Carbernet Sauvignon,Az Ca‚Äô Lustra Zanovello,45.305664,11.696812,15/03/20,13.7531538,2020,3,15,1.69,1.10,0.20
CT,20,Carbernet Sauvignon,Az Ca‚Äô Lustra Zanovello,45.305664,11.696812,16/04/20,12.54451752,2020,4,16,1.69,1.10,0.20
CT,20,Carbernet Sauvignon,Az Ca‚Äô Lustra Zanovello,45.305664,11.696812,05/07/20,27.50242996,2020,7,5,1.69,1.10,0.20
CT,20,Carbernet Sauvignon,Az Ca‚Äô Lustra Zanovello,45.305664,11.696812,21/07/20,30.13257408,2020,7,21,1.69,1.10,0.20
CT,20,Carbernet Sauvignon,Az Ca‚Äô Lustra Zanovello,45.305664,11.696812,06/08/20,24.74803543,2020,8,6,1.69,1.10,0.20
CT,20,Carbernet Sauvignon,Az Ca‚Äô Lustra Zanovello,45.305664,11.696812,22/08/20,29.70222855,2020,8,22,1.69,1.10,0.20
CT,20,Carbernet Sauvignon,Az Ca‚Äô Lustra Zanovello,45.305664,11.696812,05/09/20,10.67742062,2020,9,5,1.69,1.10,0.20
CT,20,Carbernet Sauvignon,Az Ca‚Äô Lustra Zanovello,45.305664,11.696812,25/10/20,16.28037262,2020,10,25,1.69,1.10,0.20
CT,20,Carbernet Sauvignon,Az Ca‚Äô Lustra Zanovello,45.305664,11.696812,10/11/20,13.57787895,2020,11,10,1.69,1.10,0.20
CT,20,Carbernet Sauvignon,Az Ca‚Äô Lustra Zanovello,45.305664,11.696812,26/11/20,8.317158699,2020,11,26,1.69,1.10,0.20
NE,1,Chardonnay,Az. Vignalta,45.344174,11.712021,13/01/21,2.238460064,2021,1,13,1.33,0.40,1.60
NE,1,Chardonnay,Az. Vignalta,45.344174,11.712021,14/02/21,6.173688412,2021,2,14,1.33,0.40,1.60
NE,1,Chardonnay,Az. Vignalta,45.344174,11.712021,02/03/21,17.13509369,2021,3,2,1.33,0.40,1.60
NE,1,Chardonnay,Az. Vignalta,45.344174,11.712021,22/06/21,34.01610184,2021,6,22,1.33,0.40,1.60
NE,1,Chardonnay,Az. Vignalta,45.344174,11.712021,09/08/21,31.85580254,2021,8,9,1.33,0.40,1.60
NE,1,Chardonnay,Az. Vignalta,45.344174,11.712021,25/08/21,25.78160095,2021,8,25,1.33,0.40,1.60
NE,1,Chardonnay,Az. Vignalta,45.344174,11.712021,10/09/21,26.08878899,2021,9,10,1.33,0.40,1.60
NE,1,Chardonnay,Az. Vignalta,45.344174,11.712021,28/10/21,16.4092617,2021,10,28,1.33,0.40,1.60
NE,1,Chardonnay,Az. Vignalta,45.344174,11.712021,29/11/21,7.384474277,2021,11,29,1.33,0.40,1.60
NE,2,Merlot,Az Fattoria Eolia,45.345205,11.699838,13/01/21,2.322970629,2021,1,13,1.60,2.70,1.00
NE,2,Merlot,Az Fattoria Eolia,45.345205,11.699838,14/02/21,5.147465229,2021,2,14,1.60,2.70,1.00
NE,2,Merlot,Az Fattoria Eolia,45.345205,11.699838,02/03/21,15.91124153,2021,3,2,1.60,2.70,1.00
NE,2,Merlot,Az Fattoria Eolia,45.345205,11.699838,22/06/21,32.66638565,2021,6,22,1.60,2.70,1.00
NE,2,Merlot,Az Fattoria Eolia,45.345205,11.699838,09/08/21,31.01237106,2021,8,9,1.60,2.70,1.00
NE,2,Merlot,Az Fattoria Eolia,45.345205,11.699838,25/08/21,26.18054199,2021,8,25,1.60,2.70,1.00
NE,2,Merlot,Az Fattoria Eolia,45.345205,11.699838,10/09/21,26.87598038,2021,9,10,1.60,2.70,1.00
NE,2,Merlot,Az Fattoria Eolia,45.345205,11.699838,28/10/21,16.10651207,2021,10,28,1.60,2.70,1.00
NE,2,Merlot,Az Fattoria Eolia,45.345205,11.699838,29/11/21,6.44594717,2021,11,29,1.60,2.70,1.00
NE,3,Carbernet Sauvignon,Az Fattoria Eolia,45.345205,11.699838,13/01/21,2.521883249,2021,1,13,1.75,0.70,0.60
NE,3,Carbernet Sauvignon,Az Fattoria Eolia,45.345205,11.699838,14/02/21,5.270474911,2021,2,14,1.75,0.70,0.60
NE,3,Carbernet Sauvignon,Az Fattoria Eolia,45.345205,11.699838,02/03/21,16.37508011,2021,3,2,1.75,0.70,0.60
NE,3,Carbernet Sauvignon,Az Fattoria Eolia,45.345205,11.699838,22/06/21,33.71949768,2021,6,22,1.75,0.70,0.60
NE,3,Carbernet Sauvignon,Az Fattoria Eolia,45.345205,11.699838,09/08/21,32.03327942,2021,8,9,1.75,0.70,0.60
NE,3,Carbernet Sauvignon,Az Fattoria Eolia,45.345205,11.699838,25/08/21,27.44563293,2021,8,25,1.75,0.70,0.60
NE,3,Carbernet Sauvignon,Az Fattoria Eolia,45.345205,11.699838,10/09/21,27.46946716,2021,9,10,1.75,0.70,0.60
NE,3,Carbernet Sauvignon,Az Fattoria Eolia,45.345205,11.699838,28/10/21,16.15922356,2021,10,28,1.75,0.70,0.60
NE,3,Carbernet Sauvignon,Az Fattoria Eolia,45.345205,11.699838,29/11/21,6.289635658,2021,11,29,1.75,0.70,0.60
NE,4,Moscato giallo,Az Fattoria Eolia,45.345205,11.699838,13/01/21,0.692048728,2021,1,13,1.31,0.40,1.00
NE,4,Moscato giallo,Az Fattoria Eolia,45.345205,11.699838,14/02/21,3.405972719,2021,2,14,1.31,0.40,1.00
NE,4,Moscato giallo,Az Fattoria Eolia,45.345205,11.699838,02/03/21,14.23709679,2021,3,2,1.31,0.40,1.00
NE,4,Moscato giallo,Az Fattoria Eolia,45.345205,11.699838,22/06/21,31.73613548,2021,6,22,1.31,0.40,1.00
NE,4,Moscato giallo,Az Fattoria Eolia,45.345205,11.699838,09/08/21,30.03682899,2021,8,9,1.31,0.40,1.00
NE,4,Moscato giallo,Az Fattoria Eolia,45.345205,11.699838,25/08/21,24.89958191,2021,8,25,1.31,0.40,1.00
NE,4,Moscato giallo,Az Fattoria Eolia,45.345205,11.699838,10/09/21,25.11893654,2021,9,10,1.31,0.40,1.00
NE,4,Moscato giallo,Az Fattoria Eolia,45.345205,11.699838,28/10/21,14.282691,2021,10,28,1.31,0.40,1.00
NE,4,Moscato giallo,Az Fattoria Eolia,45.345205,11.699838,29/11/21,5.068305969,2021,11,29,1.31,0.40,1.00
NE,5,Glera,Az Fattoria Eolia,45.345205,11.699838,13/01/21,2.295814753,2021,1,13,1.07,0.40,1.20
NE,5,Glera,Az Fattoria Eolia,45.345205,11.699838,14/02/21,5.176767826,2021,2,14,1.07,0.40,1.20
NE,5,Glera,Az Fattoria Eolia,45.345205,11.699838,02/03/21,16.29616547,2021,3,2,1.07,0.40,1.20
NE,5,Glera,Az Fattoria Eolia,45.345205,11.699838,22/06/21,33.26469421,2021,6,22,1.07,0.40,1.20
NE,5,Glera,Az Fattoria Eolia,45.345205,11.699838,09/08/21,31.24656487,2021,8,9,1.07,0.40,1.20
NE,5,Glera,Az Fattoria Eolia,45.345205,11.699838,25/08/21,26.83761215,2021,8,25,1.07,0.40,1.20
NE,5,Glera,Az Fattoria Eolia,45.345205,11.699838,10/09/21,27.1348381,2021,9,10,1.07,0.40,1.20
NE,5,Glera,Az Fattoria Eolia,45.345205,11.699838,28/10/21,16.35931015,2021,10,28,1.07,0.40,1.20
NE,5,Glera,Az Fattoria Eolia,45.345205,11.699838,29/11/21,6.679963589,2021,11,29,1.07,0.40,1.20
NO,6,Chardonnay,Az. San Nazario,45.30811,11.642855,13/01/21,2.693339348,2021,1,13,1.54,0.50,0.90
NO,6,Chardonnay,Az. San Nazario,45.30811,11.642855,14/02/21,7.390203476,2021,2,14,1.54,0.50,0.90
NO,6,Chardonnay,Az. San Nazario,45.30811,11.642855,02/03/21,19.55051041,2021,3,2,1.54,0.50,0.90
NO,6,Chardonnay,Az. San Nazario,45.30811,11.642855,22/06/21,32.96580124,2021,6,22,1.54,0.50,0.90
NO,6,Chardonnay,Az. San Nazario,45.30811,11.642855,09/08/21,33.3397789,2021,8,9,1.54,0.50,0.90
NO,6,Chardonnay,Az. San Nazario,45.30811,11.642855,25/08/21,26.54188919,2021,8,25,1.54,0.50,0.90
NO,6,Chardonnay,Az. San Nazario,45.30811,11.642855,10/09/21,28.22385597,2021,9,10,1.54,0.50,0.90
NO,6,Chardonnay,Az. San Nazario,45.30811,11.642855,28/10/21,17.84061813,2021,10,28,1.54,0.50,0.90
NO,6,Chardonnay,Az. San Nazario,45.30811,11.642855,29/11/21,NA,2021,11,29,1.54,0.50,0.90
NO,7,Merlot,Az. San Nazario,45.30811,11.642855,13/01/21,2.903483629,2021,1,13,1.51,1.70,1.20
NO,7,Merlot,Az. San Nazario,45.30811,11.642855,14/02/21,7.418852329,2021,2,14,1.51,1.70,1.20
NO,7,Merlot,Az. San Nazario,45.30811,11.642855,02/03/21,19.32539558,2021,3,2,1.51,1.70,1.20
NO,7,Merlot,Az. San Nazario,45.30811,11.642855,22/06/21,31.48662376,2021,6,22,1.51,1.70,1.20
NO,7,Merlot,Az. San Nazario,45.30811,11.642855,09/08/21,32.34093094,2021,8,9,1.51,1.70,1.20
NO,7,Merlot,Az. San Nazario,45.30811,11.642855,25/08/21,25.96311951,2021,8,25,1.51,1.70,1.20
NO,7,Merlot,Az. San Nazario,45.30811,11.642855,10/09/21,27.90551949,2021,9,10,1.51,1.70,1.20
NO,7,Merlot,Az. San Nazario,45.30811,11.642855,28/10/21,18.02988243,2021,10,28,1.51,1.70,1.20
NO,7,Merlot,Az. San Nazario,45.30811,11.642855,29/11/21,NA,2021,11,29,1.51,1.70,1.20
NO,8,Carbernet Sauvignon,Az. San Nazario,45.30811,11.642855,13/01/21,3.119154692,2021,1,13,1.29,1.00,2.00
NO,8,Carbernet Sauvignon,Az. San Nazario,45.30811,11.642855,14/02/21,7.702033997,2021,2,14,1.29,1.00,2.00
NO,8,Carbernet Sauvignon,Az. San Nazario,45.30811,11.642855,02/03/21,19.79808617,2021,3,2,1.29,1.00,2.00
NO,8,Carbernet Sauvignon,Az. San Nazario,45.30811,11.642855,22/06/21,31.26906013,2021,6,22,1.29,1.00,2.00
NO,8,Carbernet Sauvignon,Az. San Nazario,45.30811,11.642855,09/08/21,32.15965271,2021,8,9,1.29,1.00,2.00
NO,8,Carbernet Sauvignon,Az. San Nazario,45.30811,11.642855,25/08/21,26.34448242,2021,8,25,1.29,1.00,2.00
NO,8,Carbernet Sauvignon,Az. San Nazario,45.30811,11.642855,10/09/21,28.10517693,2021,9,10,1.29,1.00,2.00
NO,8,Carbernet Sauvignon,Az. San Nazario,45.30811,11.642855,28/10/21,18.54680443,2021,10,28,1.29,1.00,2.00
NO,8,Carbernet Sauvignon,Az. San Nazario,45.30811,11.642855,29/11/21,NA,2021,11,29,1.29,1.00,2.00
NO,9,Moscato giallo,Az. San Nazario,45.30811,11.642855,13/01/21,3.549062967,2021,1,13,1.32,0.10,1.20
NO,9,Moscato giallo,Az. San Nazario,45.30811,11.642855,14/02/21,8.186472893,2021,2,14,1.32,0.10,1.20
NO,9,Moscato giallo,Az. San Nazario,45.30811,11.642855,02/03/21,19.979002,2021,3,2,1.32,0.10,1.20
NO,9,Moscato giallo,Az. San Nazario,45.30811,11.642855,22/06/21,31.05363464,2021,6,22,1.32,0.10,1.20
NO,9,Moscato giallo,Az. San Nazario,45.30811,11.642855,09/08/21,32.21482468,2021,8,9,1.32,0.10,1.20
NO,9,Moscato giallo,Az. San Nazario,45.30811,11.642855,25/08/21,26.10087967,2021,8,25,1.32,0.10,1.20
NO,9,Moscato giallo,Az. San Nazario,45.30811,11.642855,10/09/21,28.33533478,2021,9,10,1.32,0.10,1.20
NO,9,Moscato giallo,Az. San Nazario,45.30811,11.642855,28/10/21,18.94833946,2021,10,28,1.32,0.10,1.20
NO,9,Moscato giallo,Az. San Nazario,45.30811,11.642855,29/11/21,NA,2021,11,29,1.32,0.10,1.20
NO,10,Glera,Az. San Nazario,45.30811,11.642855,13/01/21,4.05711937,2021,1,13,1.24,0.30,0.80
NO,10,Glera,Az. San Nazario,45.30811,11.642855,14/02/21,9.032938957,2021,2,14,1.24,0.30,0.80
NO,10,Glera,Az. San Nazario,45.30811,11.642855,02/03/21,20.1011467,2021,3,2,1.24,0.30,0.80
NO,10,Glera,Az. San Nazario,45.30811,11.642855,22/06/21,31.24810982,2021,6,22,1.24,0.30,0.80
NO,10,Glera,Az. San Nazario,45.30811,11.642855,09/08/21,32.97948837,2021,8,9,1.24,0.30,0.80
NO,10,Glera,Az. San Nazario,45.30811,11.642855,25/08/21,26.54424858,2021,8,25,1.24,0.30,0.80
NO,10,Glera,Az. San Nazario,45.30811,11.642855,10/09/21,28.89807892,2021,9,10,1.24,0.30,0.80
NO,10,Glera,Az. San Nazario,45.30811,11.642855,28/10/21,19.40986443,2021,10,28,1.24,0.30,0.80
NO,10,Glera,Az. San Nazario,45.30811,11.642855,29/11/21,NA,2021,11,29,1.24,0.30,0.80
CT,11,Chardonnay,Az Ca‚Äô Lustra Zanovello,45.305664,11.696812,13/01/21,4.015624046,2021,1,13,1.57,0.30,0.90
CT,11,Chardonnay,Az Ca‚Äô Lustra Zanovello,45.305664,11.696812,14/02/21,7.08602047,2021,2,14,1.57,0.30,0.90
CT,11,Chardonnay,Az Ca‚Äô Lustra Zanovello,45.305664,11.696812,02/03/21,17.40378952,2021,3,2,1.57,0.30,0.90
CT,11,Chardonnay,Az Ca‚Äô Lustra Zanovello,45.305664,11.696812,22/06/21,32.81059647,2021,6,22,1.57,0.30,0.90
CT,11,Chardonnay,Az Ca‚Äô Lustra Zanovello,45.305664,11.696812,09/08/21,32.92263794,2021,8,9,1.57,0.30,0.90
CT,11,Chardonnay,Az Ca‚Äô Lustra Zanovello,45.305664,11.696812,25/08/21,26.45054436,2021,8,25,1.57,0.30,0.90
CT,11,Chardonnay,Az Ca‚Äô Lustra Zanovello,45.305664,11.696812,10/09/21,28.35429001,2021,9,10,1.57,0.30,0.90
CT,11,Chardonnay,Az Ca‚Äô Lustra Zanovello,45.305664,11.696812,28/10/21,18.12829208,2021,10,28,1.57,0.30,0.90
CT,11,Chardonnay,Az Ca‚Äô Lustra Zanovello,45.305664,11.696812,29/11/21,6.824144363,2021,11,29,1.57,0.30,0.90
CT,12,Merlot,Az Ca‚Äô Lustra Zanovello,45.303423,11.691333,13/01/21,4.021552086,2021,1,13,1.59,0.90,0.50
CT,12,Merlot,Az Ca‚Äô Lustra Zanovello,45.303423,11.691333,14/02/21,7.307072163,2021,2,14,1.59,0.90,0.50
CT,12,Merlot,Az Ca‚Äô Lustra Zanovello,45.303423,11.691333,02/03/21,18.97401047,2021,3,2,1.59,0.90,0.50
CT,12,Merlot,Az Ca‚Äô Lustra Zanovello,45.303423,11.691333,22/06/21,33.71516418,2021,6,22,1.59,0.90,0.50
CT,12,Merlot,Az Ca‚Äô Lustra Zanovello,45.303423,11.691333,09/08/21,35.00244141,2021,8,9,1.59,0.90,0.50
CT,12,Merlot,Az Ca‚Äô Lustra Zanovello,45.303423,11.691333,25/08/21,27.71042633,2021,8,25,1.59,0.90,0.50
CT,12,Merlot,Az Ca‚Äô Lustra Zanovello,45.303423,11.691333,10/09/21,28.47754097,2021,9,10,1.59,0.90,0.50
CT,12,Merlot,Az Ca‚Äô Lustra Zanovello,45.303423,11.691333,28/10/21,17.58860397,2021,10,28,1.59,0.90,0.50
CT,12,Merlot,Az Ca‚Äô Lustra Zanovello,45.303423,11.691333,29/11/21,7.011262417,2021,11,29,1.59,0.90,0.50
CT,13,Moscato giallo,Az Ca‚Äô Lustra Zanovello,45.302492,11.690781,13/01/21,4.821631432,2021,1,13,1.12,0.40,1.50
CT,13,Moscato giallo,Az Ca‚Äô Lustra Zanovello,45.302492,11.690781,14/02/21,8.166572571,2021,2,14,1.12,0.40,1.50
CT,13,Moscato giallo,Az Ca‚Äô Lustra Zanovello,45.302492,11.690781,02/03/21,19.86184502,2021,3,2,1.12,0.40,1.50
CT,13,Moscato giallo,Az Ca‚Äô Lustra Zanovello,45.302492,11.690781,22/06/21,32.5931778,2021,6,22,1.12,0.40,1.50
CT,13,Moscato giallo,Az Ca‚Äô Lustra Zanovello,45.302492,11.690781,09/08/21,34.23137665,2021,8,9,1.12,0.40,1.50
CT,13,Moscato giallo,Az Ca‚Äô Lustra Zanovello,45.302492,11.690781,25/08/21,27.56489563,2021,8,25,1.12,0.40,1.50
CT,13,Moscato giallo,Az Ca‚Äô Lustra Zanovello,45.302492,11.690781,10/09/21,28.46325684,2021,9,10,1.12,0.40,1.50
CT,13,Moscato giallo,Az Ca‚Äô Lustra Zanovello,45.302492,11.690781,28/10/21,17.92103195,2021,10,28,1.12,0.40,1.50
CT,13,Moscato giallo,Az Ca‚Äô Lustra Zanovello,45.302492,11.690781,29/11/21,7.807674885,2021,11,29,1.12,0.40,1.50
CT,14,Glera,Az Ca‚Äô Lustra Zanovello,45.305964,11.693174,13/01/21,5.915219784,2021,1,13,0.99,0.30,1.90
CT,14,Glera,Az Ca‚Äô Lustra Zanovello,45.305964,11.693174,14/02/21,8.424992561,2021,2,14,0.99,0.30,1.90
CT,14,Glera,Az Ca‚Äô Lustra Zanovello,45.305964,11.693174,02/03/21,18.123106,2021,3,2,0.99,0.30,1.90
CT,14,Glera,Az Ca‚Äô Lustra Zanovello,45.305964,11.693174,22/06/21,30.40057945,2021,6,22,0.99,0.30,1.90
CT,14,Glera,Az Ca‚Äô Lustra Zanovello,45.305964,11.693174,09/08/21,33.10508728,2021,8,9,0.99,0.30,1.90
CT,14,Glera,Az Ca‚Äô Lustra Zanovello,45.305964,11.693174,25/08/21,26.00177574,2021,8,25,0.99,0.30,1.90
CT,14,Glera,Az Ca‚Äô Lustra Zanovello,45.305964,11.693174,10/09/21,27.691185,2021,9,10,0.99,0.30,1.90
CT,14,Glera,Az Ca‚Äô Lustra Zanovello,45.305964,11.693174,28/10/21,18.35840416,2021,10,28,0.99,0.30,1.90
CT,14,Glera,Az Ca‚Äô Lustra Zanovello,45.305964,11.693174,29/11/21,7.787699223,2021,11,29,0.99,0.30,1.90
SU,15,Chardonnay,Az. Il Fil√≤ delle Vigne,45.24539,11.700875,13/01/21,4.429791451,2021,1,13,1.53,0.60,0.60
SU,15,Chardonnay,Az. Il Fil√≤ delle Vigne,45.24539,11.700875,14/02/21,7.682044029,2021,2,14,1.53,0.60,0.60
SU,15,Chardonnay,Az. Il Fil√≤ delle Vigne,45.24539,11.700875,02/03/21,17.64840317,2021,3,2,1.53,0.60,0.60
SU,15,Chardonnay,Az. Il Fil√≤ delle Vigne,45.24539,11.700875,22/06/21,33.1870575,2021,6,22,1.53,0.60,0.60
SU,15,Chardonnay,Az. Il Fil√≤ delle Vigne,45.24539,11.700875,09/08/21,34.05496216,2021,8,9,1.53,0.60,0.60
SU,15,Chardonnay,Az. Il Fil√≤ delle Vigne,45.24539,11.700875,25/08/21,26.96948433,2021,8,25,1.53,0.60,0.60
SU,15,Chardonnay,Az. Il Fil√≤ delle Vigne,45.24539,11.700875,10/09/21,28.71869087,2021,9,10,1.53,0.60,0.60
SU,15,Chardonnay,Az. Il Fil√≤ delle Vigne,45.24539,11.700875,28/10/21,18.05310631,2021,10,28,1.53,0.60,0.60
SU,15,Chardonnay,Az. Il Fil√≤ delle Vigne,45.24539,11.700875,29/11/21,7.627739429,2021,11,29,1.53,0.60,0.60
SU,16,Merlot,Az. Il Mottolo,45.251184,11.704945,13/01/21,2.470687151,2021,1,13,1.57,0.80,0.40
SU,16,Merlot,Az. Il Mottolo,45.251184,11.704945,14/02/21,6.497998238,2021,2,14,1.57,0.80,0.40
SU,16,Merlot,Az. Il Mottolo,45.251184,11.704945,02/03/21,18.17744446,2021,3,2,1.57,0.80,0.40
SU,16,Merlot,Az. Il Mottolo,45.251184,11.704945,22/06/21,34.06838989,2021,6,22,1.57,0.80,0.40
SU,16,Merlot,Az. Il Mottolo,45.251184,11.704945,09/08/21,33.86689377,2021,8,9,1.57,0.80,0.40
SU,16,Merlot,Az. Il Mottolo,45.251184,11.704945,25/08/21,26.78463745,2021,8,25,1.57,0.80,0.40
SU,16,Merlot,Az. Il Mottolo,45.251184,11.704945,10/09/21,27.70072174,2021,9,10,1.57,0.80,0.40
SU,16,Merlot,Az. Il Mottolo,45.251184,11.704945,28/10/21,17.12987328,2021,10,28,1.57,0.80,0.40
SU,16,Merlot,Az. Il Mottolo,45.251184,11.704945,29/11/21,7.464675426,2021,11,29,1.57,0.80,0.40
SU,17,Carbernet Sauvignon,Az. Il Mottolo,45.251184,11.704945,13/01/21,5.074174881,2021,1,13,1.42,0.40,1.60
SU,17,Carbernet Sauvignon,Az. Il Mottolo,45.251184,11.704945,14/02/21,9.474610329,2021,2,14,1.42,0.40,1.60
SU,17,Carbernet Sauvignon,Az. Il Mottolo,45.251184,11.704945,02/03/21,19.17162323,2021,3,2,1.42,0.40,1.60
SU,17,Carbernet Sauvignon,Az. Il Mottolo,45.251184,11.704945,22/06/21,36.18522263,2021,6,22,1.42,0.40,1.60
SU,17,Carbernet Sauvignon,Az. Il Mottolo,45.251184,11.704945,09/08/21,35.16372681,2021,8,9,1.42,0.40,1.60
SU,17,Carbernet Sauvignon,Az. Il Mottolo,45.251184,11.704945,25/08/21,28.36595154,2021,8,25,1.42,0.40,1.60
SU,17,Carbernet Sauvignon,Az. Il Mottolo,45.251184,11.704945,10/09/21,29.89911842,2021,9,10,1.42,0.40,1.60
SU,17,Carbernet Sauvignon,Az. Il Mottolo,45.251184,11.704945,28/10/21,18.70910072,2021,10,28,1.42,0.40,1.60
SU,17,Carbernet Sauvignon,Az. Il Mottolo,45.251184,11.704945,29/11/21,9.078037262,2021,11,29,1.42,0.40,1.60
SU,18,Moscato giallo,Az. Il Mottolo,45.251184,11.704945,13/01/21,4.435695648,2021,1,13,1.34,0.60,1.20
SU,18,Moscato giallo,Az. Il Mottolo,45.251184,11.704945,14/02/21,8.58368969,2021,2,14,1.34,0.60,1.20
SU,18,Moscato giallo,Az. Il Mottolo,45.251184,11.704945,02/03/21,18.63698769,2021,3,2,1.34,0.60,1.20
SU,18,Moscato giallo,Az. Il Mottolo,45.251184,11.704945,22/06/21,36.1943512,2021,6,22,1.34,0.60,1.20
SU,18,Moscato giallo,Az. Il Mottolo,45.251184,11.704945,09/08/21,34.8063736,2021,8,9,1.34,0.60,1.20
SU,18,Moscato giallo,Az. Il Mottolo,45.251184,11.704945,25/08/21,27.35704231,2021,8,25,1.34,0.60,1.20
SU,18,Moscato giallo,Az. Il Mottolo,45.251184,11.704945,10/09/21,29.21621323,2021,9,10,1.34,0.60,1.20
SU,18,Moscato giallo,Az. Il Mottolo,45.251184,11.704945,28/10/21,18.02725983,2021,10,28,1.34,0.60,1.20
SU,18,Moscato giallo,Az. Il Mottolo,45.251184,11.704945,29/11/21,8.71386528,2021,11,29,1.34,0.60,1.20
SU,19,Glera,Az. Vignale di Cecilia,45.274998,11.689283,13/01/21,3.405973434,2021,1,13,1.07,0.20,1.60
SU,19,Glera,Az. Vignale di Cecilia,45.274998,11.689283,14/02/21,8.631820679,2021,2,14,1.07,0.20,1.60
SU,19,Glera,Az. Vignale di Cecilia,45.274998,11.689283,02/03/21,19.08443451,2021,3,2,1.07,0.20,1.60
SU,19,Glera,Az. Vignale di Cecilia,45.274998,11.689283,22/06/21,34.74777222,2021,6,22,1.07,0.20,1.60
SU,19,Glera,Az. Vignale di Cecilia,45.274998,11.689283,09/08/21,35.44649124,2021,8,9,1.07,0.20,1.60
SU,19,Glera,Az. Vignale di Cecilia,45.274998,11.689283,25/08/21,28.7328968,2021,8,25,1.07,0.20,1.60
SU,19,Glera,Az. Vignale di Cecilia,45.274998,11.689283,10/09/21,29.79843903,2021,9,10,1.07,0.20,1.60
SU,19,Glera,Az. Vignale di Cecilia,45.274998,11.689283,28/10/21,18.69110489,2021,10,28,1.07,0.20,1.60
SU,19,Glera,Az. Vignale di Cecilia,45.274998,11.689283,29/11/21,8.015762329,2021,11,29,1.07,0.20,1.60
CT,20,Carbernet Sauvignon,Az Ca‚Äô Lustra Zanovello,45.305664,11.696812,13/01/21,2.353135586,2021,1,13,1.31,0.50,1.70
CT,20,Carbernet Sauvignon,Az Ca‚Äô Lustra Zanovello,45.305664,11.696812,14/02/21,4.594968319,2021,2,14,1.31,0.50,1.70
CT,20,Carbernet Sauvignon,Az Ca‚Äô Lustra Zanovello,45.305664,11.696812,02/03/21,15.29146004,2021,3,2,1.31,0.50,1.70
CT,20,Carbernet Sauvignon,Az Ca‚Äô Lustra Zanovello,45.305664,11.696812,22/06/21,31.6415863,2021,6,22,1.31,0.50,1.70
CT,20,Carbernet Sauvignon,Az Ca‚Äô Lustra Zanovello,45.305664,11.696812,09/08/21,30.92662239,2021,8,9,1.31,0.50,1.70
CT,20,Carbernet Sauvignon,Az Ca‚Äô Lustra Zanovello,45.305664,11.696812,25/08/21,25.2867527,2021,8,25,1.31,0.50,1.70
CT,20,Carbernet Sauvignon,Az Ca‚Äô Lustra Zanovello,45.305664,11.696812,10/09/21,26.17816544,2021,9,10,1.31,0.50,1.70
CT,20,Carbernet Sauvignon,Az Ca‚Äô Lustra Zanovello,45.305664,11.696812,28/10/21,15.98517132,2021,10,28,1.31,0.50,1.70
CT,20,Carbernet Sauvignon,Az Ca‚Äô Lustra Zanovello,45.305664,11.696812,29/11/21,5.50727129,2021,11,29,1.31,0.50,1.70