"fid","Area","ID","Variety","Azienda","Latitudine","Longitudin","Aspect_grade","Altitude","Aspect","Label","Temperature","DOY","Month","Altitude_range"
1,"NE",3,"Carbernet Sauvignon","Az Fattoria Eolia",45.345205,11.699838,47.9610481262207,199.962020874023,"East","April_1_DOY_98",19.3225121498108,98,"April","100-200"
2,"NO",8,"Carbernet Sauvignon","Az. San Nazario",45.30811,11.642855,201.511367797852,19.3024082183838,"South","April_1_DOY_98",22.7122952597482,98,"April","-3-100"
3,"CT",20,"Carbernet Sauvignon","Az Ca’ Lustra Zanovello",45.305664,11.696812,265.115203857422,262.612030029297,"West","April_1_DOY_98",18.8121316432953,98,"April","200-300"
4,"SU",17,"Carbernet Sauvignon","Az. Il Mottolo",45.251184,11.704945,122.78044128418,42.613597869873,"East","April_1_DOY_98",22.6299482073103,98,"April","-3-100"
5,"NE",1,"Chardonnay","Az. Vignalta",45.344174,11.712021,96.4727020263672,24.2472381591797,"East","April_1_DOY_98",21.1258707046509,98,"April","-3-100"
6,"NO",6,"Chardonnay","Az. San Nazario",45.30811,11.642855,316.952941894531,16.4042930603027,"North","April_1_DOY_98",22.086476462228,98,"April","-3-100"
7,"CT",11,"Chardonnay","Az Ca’ Lustra Zanovello",45.305664,11.696812,228.241500854492,261.920440673828,"West","April_1_DOY_98",19.8444237709045,98,"April","200-300"
8,"SU",15,"Chardonnay","Az. Il Filò delle Vigne",45.24539,11.700875,83.0387725830078,112.657325744629,"East","April_1_DOY_98",20.4289667606354,98,"April","100-200"
9,"NE",5,"Glera","Az Fattoria Eolia",45.345205,11.699838,262.451599121094,207.307495117188,"West","April_1_DOY_98",19.088262796402,98,"April","200-300"
10,"NO",10,"Glera","Az. San Nazario",45.30811,11.642855,200.804718017578,32.2512664794922,"South","April_1_DOY_98",23.0214312417167,98,"April","-3-100"
11,"CT",14,"Glera","Az Ca’ Lustra Zanovello",45.305964,11.693174,199.094543457031,258.757843017578,"South","April_1_DOY_98",20.1861128807068,98,"April","200-300"
12,"SU",19,"Glera","Az. Vignale di Cecilia",45.274998,11.689283,101.069526672363,63.4985961914062,"East","April_1_DOY_98",20.7284216880798,98,"April","-3-100"
13,"NE",2,"Merlot","Az Fattoria Eolia",45.345205,11.699838,246.272918701172,194.399948120117,"West","April_1_DOY_98",18.8934969902039,98,"April","100-200"
14,"NO",7,"Merlot","Az. San Nazario",45.30811,11.642855,241.93571472168,19.8985691070557,"West","April_1_DOY_98",22.5163102831159,98,"April","-3-100"
15,"CT",12,"Merlot","Az Ca’ Lustra Zanovello",45.303423,11.691333,206.52294921875,203.978057861328,"South","April_1_DOY_98",21.0463352203369,98,"April","200-300"
16,"SU",16,"Merlot","Az. Il Mottolo",45.251184,11.704945,51.3727188110352,17.8118152618408,"East","April_1_DOY_98",20.6177542209625,98,"April","-3-100"
17,"NE",4,"Moscato giallo","Az Fattoria Eolia",45.345205,11.699838,349.010650634766,189.554321289062,"North","April_1_DOY_98",17.9089367389679,98,"April","100-200"
18,"NO",9,"Moscato giallo","Az. San Nazario",45.30811,11.642855,174.656707763672,24.0276756286621,"South","April_1_DOY_98",22.8722526005336,98,"April","-3-100"
19,"CT",13,"Moscato giallo","Az Ca’ Lustra Zanovello",45.302492,11.690781,179.951187133789,193.538619995117,"South","April_1_DOY_98",21.6420607566833,98,"April","100-200"
20,"SU",18,"Moscato giallo","Az. Il Mottolo",45.251184,11.704945,127.416633605957,23.6866874694824,"East","April_1_DOY_98",21.8634888785226,98,"April","-3-100"
1,"NE",3,"Carbernet Sauvignon","Az Fattoria Eolia",45.345205,11.699838,47.9610481262207,199.962020874023,"East","April_2_DOY_112",20.9655758142471,112,"April","100-200"
2,"NO",8,"Carbernet Sauvignon","Az. San Nazario",45.30811,11.642855,201.511367797852,19.3024082183838,"South","April_2_DOY_112",22.2580213546753,112,"April","-3-100"
3,"CT",20,"Carbernet Sauvignon","Az Ca’ Lustra Zanovello",45.305664,11.696812,265.115203857422,262.612030029297,"West","April_2_DOY_112",19.744620680809,112,"April","200-300"
4,"SU",17,"Carbernet Sauvignon","Az. Il Mottolo",45.251184,11.704945,122.78044128418,42.613597869873,"East","April_2_DOY_112",22.5781651735306,112,"April","-3-100"
5,"NE",1,"Chardonnay","Az. Vignalta",45.344174,11.712021,96.4727020263672,24.2472381591797,"East","April_2_DOY_112",22.0664774179459,112,"April","-3-100"
6,"NO",6,"Chardonnay","Az. San Nazario",45.30811,11.642855,316.952941894531,16.4042930603027,"North","April_2_DOY_112",21.9524426460266,112,"April","-3-100"
7,"CT",11,"Chardonnay","Az Ca’ Lustra Zanovello",45.305664,11.696812,228.241500854492,261.920440673828,"West","April_2_DOY_112",20.7049685716629,112,"April","200-300"
8,"SU",15,"Chardonnay","Az. Il Filò delle Vigne",45.24539,11.700875,83.0387725830078,112.657325744629,"East","April_2_DOY_112",20.0437970161438,112,"April","100-200"
9,"NE",5,"Glera","Az Fattoria Eolia",45.345205,11.699838,262.451599121094,207.307495117188,"West","April_2_DOY_112",20.4922268390656,112,"April","200-300"
10,"NO",10,"Glera","Az. San Nazario",45.30811,11.642855,200.804718017578,32.2512664794922,"South","April_2_DOY_112",23.2212335041591,112,"April","-3-100"
11,"CT",14,"Glera","Az Ca’ Lustra Zanovello",45.305964,11.693174,199.094543457031,258.757843017578,"South","April_2_DOY_112",19.8632236719131,112,"April","200-300"
12,"SU",19,"Glera","Az. Vignale di Cecilia",45.274998,11.689283,101.069526672363,63.4985961914062,"East","April_2_DOY_112",20.8343185782433,112,"April","-3-100"
13,"NE",2,"Merlot","Az Fattoria Eolia",45.345205,11.699838,246.272918701172,194.399948120117,"West","April_2_DOY_112",20.0482965707779,112,"April","100-200"
14,"NO",7,"Merlot","Az. San Nazario",45.30811,11.642855,241.93571472168,19.8985691070557,"West","April_2_DOY_112",22.3240296840668,112,"April","-3-100"
15,"CT",12,"Merlot","Az Ca’ Lustra Zanovello",45.303423,11.691333,206.52294921875,203.978057861328,"South","April_2_DOY_112",21.2818914140974,112,"April","200-300"
16,"SU",16,"Merlot","Az. Il Mottolo",45.251184,11.704945,51.3727188110352,17.8118152618408,"East","April_2_DOY_112",20.57281935215,112,"April","-3-100"
17,"NE",4,"Moscato giallo","Az Fattoria Eolia",45.345205,11.699838,349.010650634766,189.554321289062,"North","April_2_DOY_112",19.0226962566376,112,"April","100-200"
18,"NO",9,"Moscato giallo","Az. San Nazario",45.30811,11.642855,174.656707763672,24.0276756286621,"South","April_2_DOY_112",23.2322270870209,112,"April","-3-100"
19,"CT",13,"Moscato giallo","Az Ca’ Lustra Zanovello",45.302492,11.690781,179.951187133789,193.538619995117,"South","April_2_DOY_112",21.8069091524397,112,"April","100-200"
20,"SU",18,"Moscato giallo","Az. Il Mottolo",45.251184,11.704945,127.416633605957,23.6866874694824,"East","April_2_DOY_112",22.4436069726944,112,"April","-3-100"
1,"NE",3,"Carbernet Sauvignon","Az Fattoria Eolia",45.345205,11.699838,47.9610481262207,199.962020874023,"East","August_1_DOY_220",26.8547135761806,220,"August","100-200"
2,"NO",8,"Carbernet Sauvignon","Az. San Nazario",45.30811,11.642855,201.511367797852,19.3024082183838,"South","August_1_DOY_220",27.780333005465,220,"August","-3-100"
3,"CT",20,"Carbernet Sauvignon","Az Ca’ Lustra Zanovello",45.305664,11.696812,265.115203857422,262.612030029297,"West","August_1_DOY_220",25.6157444545201,220,"August","200-300"
4,"SU",17,"Carbernet Sauvignon","Az. Il Mottolo",45.251184,11.704945,122.78044128418,42.613597869873,"East","August_1_DOY_220",29.1320442199707,220,"August","-3-100"
5,"NE",1,"Chardonnay","Az. Vignalta",45.344174,11.712021,96.4727020263672,24.2472381591797,"East","August_1_DOY_220",27.2404124396188,220,"August","-3-100"
6,"NO",6,"Chardonnay","Az. San Nazario",45.30811,11.642855,316.952941894531,16.4042930603027,"North","August_1_DOY_220",27.9537401835124,220,"August","-3-100"
7,"CT",11,"Chardonnay","Az Ca’ Lustra Zanovello",45.305664,11.696812,228.241500854492,261.920440673828,"West","August_1_DOY_220",26.6499944414411,220,"August","200-300"
8,"SU",15,"Chardonnay","Az. Il Filò delle Vigne",45.24539,11.700875,83.0387725830078,112.657325744629,"East","August_1_DOY_220",27.9041711171468,220,"August","100-200"
9,"NE",5,"Glera","Az Fattoria Eolia",45.345205,11.699838,262.451599121094,207.307495117188,"West","August_1_DOY_220",26.3943742605356,220,"August","200-300"
10,"NO",10,"Glera","Az. San Nazario",45.30811,11.642855,200.804718017578,32.2512664794922,"South","August_1_DOY_220",27.7014053344727,220,"August","-3-100"
11,"CT",14,"Glera","Az Ca’ Lustra Zanovello",45.305964,11.693174,199.094543457031,258.757843017578,"South","August_1_DOY_220",26.4108892168318,220,"August","200-300"
12,"SU",19,"Glera","Az. Vignale di Cecilia",45.274998,11.689283,101.069526672363,63.4985961914062,"East","August_1_DOY_220",27.9503312428792,220,"August","-3-100"
13,"NE",2,"Merlot","Az Fattoria Eolia",45.345205,11.699838,246.272918701172,194.399948120117,"West","August_1_DOY_220",26.2094414050762,220,"August","100-200"
14,"NO",7,"Merlot","Az. San Nazario",45.30811,11.642855,241.93571472168,19.8985691070557,"West","August_1_DOY_220",27.5120193774884,220,"August","-3-100"
15,"CT",12,"Merlot","Az Ca’ Lustra Zanovello",45.303423,11.691333,206.52294921875,203.978057861328,"South","August_1_DOY_220",27.1405747277396,220,"August","200-300"
16,"SU",16,"Merlot","Az. Il Mottolo",45.251184,11.704945,51.3727188110352,17.8118152618408,"East","August_1_DOY_220",28.4941672007243,220,"August","-3-100"
17,"NE",4,"Moscato giallo","Az Fattoria Eolia",45.345205,11.699838,349.010650634766,189.554321289062,"North","August_1_DOY_220",25.8316312517439,220,"August","100-200"
18,"NO",9,"Moscato giallo","Az. San Nazario",45.30811,11.642855,174.656707763672,24.0276756286621,"South","August_1_DOY_220",27.8883154551188,220,"August","-3-100"
19,"CT",13,"Moscato giallo","Az Ca’ Lustra Zanovello",45.302492,11.690781,179.951187133789,193.538619995117,"South","August_1_DOY_220",27.6406760896955,220,"August","100-200"
20,"SU",18,"Moscato giallo","Az. Il Mottolo",45.251184,11.704945,127.416633605957,23.6866874694824,"East","August_1_DOY_220",29.14102490743,220,"August","-3-100"
1,"NE",3,"Carbernet Sauvignon","Az Fattoria Eolia",45.345205,11.699838,47.9610481262207,199.962020874023,"East","August_2_DOY_236",26.8916749087247,236,"August","100-200"
2,"NO",8,"Carbernet Sauvignon","Az. San Nazario",45.30811,11.642855,201.511367797852,19.3024082183838,"South","August_2_DOY_236",28.2291688919067,236,"August","-3-100"
3,"CT",20,"Carbernet Sauvignon","Az Ca’ Lustra Zanovello",45.305664,11.696812,265.115203857422,262.612030029297,"West","August_2_DOY_236",26.7258261767301,236,"August","200-300"
4,"SU",17,"Carbernet Sauvignon","Az. Il Mottolo",45.251184,11.704945,122.78044128418,42.613597869873,"East","August_2_DOY_236",29.7126530733976,236,"August","-3-100"
5,"NE",1,"Chardonnay","Az. Vignalta",45.344174,11.712021,96.4727020263672,24.2472381591797,"East","August_2_DOY_236",26.9217659343373,236,"August","-3-100"
6,"NO",6,"Chardonnay","Az. San Nazario",45.30811,11.642855,316.952941894531,16.4042930603027,"North","August_2_DOY_236",27.8338973305442,236,"August","-3-100"
7,"CT",11,"Chardonnay","Az Ca’ Lustra Zanovello",45.305664,11.696812,228.241500854492,261.920440673828,"West","August_2_DOY_236",27.7488486550071,236,"August","200-300"
8,"SU",15,"Chardonnay","Az. Il Filò delle Vigne",45.24539,11.700875,83.0387725830078,112.657325744629,"East","August_2_DOY_236",28.965875972401,236,"August","100-200"
9,"NE",5,"Glera","Az Fattoria Eolia",45.345205,11.699838,262.451599121094,207.307495117188,"West","August_2_DOY_236",26.7227999080311,236,"August","200-300"
10,"NO",10,"Glera","Az. San Nazario",45.30811,11.642855,200.804718017578,32.2512664794922,"South","August_2_DOY_236",28.1552271409468,236,"August","-3-100"
11,"CT",14,"Glera","Az Ca’ Lustra Zanovello",45.305964,11.693174,199.094543457031,258.757843017578,"South","August_2_DOY_236",27.3101998242465,236,"August","200-300"
12,"SU",19,"Glera","Az. Vignale di Cecilia",45.274998,11.689283,101.069526672363,63.4985961914062,"East","August_2_DOY_236",28.6148060885343,236,"August","-3-100"
13,"NE",2,"Merlot","Az Fattoria Eolia",45.345205,11.699838,246.272918701172,194.399948120117,"West","August_2_DOY_236",26.5224343213168,236,"August","100-200"
14,"NO",7,"Merlot","Az. San Nazario",45.30811,11.642855,241.93571472168,19.8985691070557,"West","August_2_DOY_236",27.4880792444403,236,"August","-3-100"
15,"CT",12,"Merlot","Az Ca’ Lustra Zanovello",45.303423,11.691333,206.52294921875,203.978057861328,"South","August_2_DOY_236",27.7997473803434,236,"August","200-300"
16,"SU",16,"Merlot","Az. Il Mottolo",45.251184,11.704945,51.3727188110352,17.8118152618408,"East","August_2_DOY_236",29.362455368042,236,"August","-3-100"
17,"NE",4,"Moscato giallo","Az Fattoria Eolia",45.345205,11.699838,349.010650634766,189.554321289062,"North","August_2_DOY_236",25.6179719404741,236,"August","100-200"
18,"NO",9,"Moscato giallo","Az. San Nazario",45.30811,11.642855,174.656707763672,24.0276756286621,"South","August_2_DOY_236",28.2510914369063,236,"August","-3-100"
19,"CT",13,"Moscato giallo","Az Ca’ Lustra Zanovello",45.302492,11.690781,179.951187133789,193.538619995117,"South","August_2_DOY_236",28.2729866721413,236,"August","100-200"
20,"SU",18,"Moscato giallo","Az. Il Mottolo",45.251184,11.704945,127.416633605957,23.6866874694824,"East","August_2_DOY_236",29.6317723014138,236,"August","-3-100"
1,"NE",3,"Carbernet Sauvignon","Az Fattoria Eolia",45.345205,11.699838,47.9610481262207,199.962020874023,"East","December_1_DOY_343",2.92018973827362,343,"December","100-200"
2,"NO",8,"Carbernet Sauvignon","Az. San Nazario",45.30811,11.642855,201.511367797852,19.3024082183838,"South","December_1_DOY_343",4.06156706809998,343,"December","-3-100"
3,"CT",20,"Carbernet Sauvignon","Az Ca’ Lustra Zanovello",45.305664,11.696812,265.115203857422,262.612030029297,"West","December_1_DOY_343",2.59189486503601,343,"December","200-300"
4,"SU",17,"Carbernet Sauvignon","Az. Il Mottolo",45.251184,11.704945,122.78044128418,42.613597869873,"East","December_1_DOY_343",4.02116429805756,343,"December","-3-100"
5,"NE",1,"Chardonnay","Az. Vignalta",45.344174,11.712021,96.4727020263672,24.2472381591797,"East","December_1_DOY_343",3.04491639137268,343,"December","-3-100"
6,"NO",6,"Chardonnay","Az. San Nazario",45.30811,11.642855,316.952941894531,16.4042930603027,"North","December_1_DOY_343",3.78447782993317,343,"December","-3-100"
7,"CT",11,"Chardonnay","Az Ca’ Lustra Zanovello",45.305664,11.696812,228.241500854492,261.920440673828,"West","December_1_DOY_343",3.76462233066559,343,"December","200-300"
8,"SU",15,"Chardonnay","Az. Il Filò delle Vigne",45.24539,11.700875,83.0387725830078,112.657325744629,"East","December_1_DOY_343",4.65895181894302,343,"December","100-200"
9,"NE",5,"Glera","Az Fattoria Eolia",45.345205,11.699838,262.451599121094,207.307495117188,"West","December_1_DOY_343",2.84912586212158,343,"December","200-300"
10,"NO",10,"Glera","Az. San Nazario",45.30811,11.642855,200.804718017578,32.2512664794922,"South","December_1_DOY_343",5.33066987991333,343,"December","-3-100"
11,"CT",14,"Glera","Az Ca’ Lustra Zanovello",45.305964,11.693174,199.094543457031,258.757843017578,"South","December_1_DOY_343",5.11321258544922,343,"December","200-300"
12,"SU",19,"Glera","Az. Vignale di Cecilia",45.274998,11.689283,101.069526672363,63.4985961914062,"East","December_1_DOY_343",4.99254763126373,343,"December","-3-100"
13,"NE",2,"Merlot","Az Fattoria Eolia",45.345205,11.699838,246.272918701172,194.399948120117,"West","December_1_DOY_343",2.5556640625,343,"December","100-200"
14,"NO",7,"Merlot","Az. San Nazario",45.30811,11.642855,241.93571472168,19.8985691070557,"West","December_1_DOY_343",3.78400611877441,343,"December","-3-100"
15,"CT",12,"Merlot","Az Ca’ Lustra Zanovello",45.303423,11.691333,206.52294921875,203.978057861328,"South","December_1_DOY_343",3.58171629905701,343,"December","200-300"
16,"SU",16,"Merlot","Az. Il Mottolo",45.251184,11.704945,51.3727188110352,17.8118152618408,"East","December_1_DOY_343",2.7741436958313,343,"December","-3-100"
17,"NE",4,"Moscato giallo","Az Fattoria Eolia",45.345205,11.699838,349.010650634766,189.554321289062,"North","December_1_DOY_343",1.45937371253967,343,"December","100-200"
18,"NO",9,"Moscato giallo","Az. San Nazario",45.30811,11.642855,174.656707763672,24.0276756286621,"South","December_1_DOY_343",5.12481784820557,343,"December","-3-100"
19,"CT",13,"Moscato giallo","Az Ca’ Lustra Zanovello",45.302492,11.690781,179.951187133789,193.538619995117,"South","December_1_DOY_343",4.01334488391876,343,"December","100-200"
20,"SU",18,"Moscato giallo","Az. Il Mottolo",45.251184,11.704945,127.416633605957,23.6866874694824,"East","December_1_DOY_343",3.91396367549896,343,"December","-3-100"
1,"NE",3,"Carbernet Sauvignon","Az Fattoria Eolia",45.345205,11.699838,47.9610481262207,199.962020874023,"East","December_2_DOY_357",3.17460788999285,357,"December","100-200"
2,"NO",8,"Carbernet Sauvignon","Az. San Nazario",45.30811,11.642855,201.511367797852,19.3024082183838,"South","December_2_DOY_357",3.82383261408125,357,"December","-3-100"
3,"CT",20,"Carbernet Sauvignon","Az Ca’ Lustra Zanovello",45.305664,11.696812,265.115203857422,262.612030029297,"West","December_2_DOY_357",3.05293355669294,357,"December","200-300"
4,"SU",17,"Carbernet Sauvignon","Az. Il Mottolo",45.251184,11.704945,122.78044128418,42.613597869873,"East","December_2_DOY_357",5.36443164518901,357,"December","-3-100"
5,"NE",1,"Chardonnay","Az. Vignalta",45.344174,11.712021,96.4727020263672,24.2472381591797,"East","December_2_DOY_357",3.16452120031629,357,"December","-3-100"
6,"NO",6,"Chardonnay","Az. San Nazario",45.30811,11.642855,316.952941894531,16.4042930603027,"North","December_2_DOY_357",3.33846826212747,357,"December","-3-100"
7,"CT",11,"Chardonnay","Az Ca’ Lustra Zanovello",45.305664,11.696812,228.241500854492,261.920440673828,"West","December_2_DOY_357",3.98234335173454,357,"December","200-300"
8,"SU",15,"Chardonnay","Az. Il Filò delle Vigne",45.24539,11.700875,83.0387725830078,112.657325744629,"East","December_2_DOY_357",5.06603905345712,357,"December","100-200"
9,"NE",5,"Glera","Az Fattoria Eolia",45.345205,11.699838,262.451599121094,207.307495117188,"West","December_2_DOY_357",3.08131269046239,357,"December","200-300"
10,"NO",10,"Glera","Az. San Nazario",45.30811,11.642855,200.804718017578,32.2512664794922,"South","December_2_DOY_357",4.62411057949066,357,"December","-3-100"
11,"CT",14,"Glera","Az Ca’ Lustra Zanovello",45.305964,11.693174,199.094543457031,258.757843017578,"South","December_2_DOY_357",6.03701270478112,357,"December","200-300"
12,"SU",19,"Glera","Az. Vignale di Cecilia",45.274998,11.689283,101.069526672363,63.4985961914062,"East","December_2_DOY_357",4.45090482916151,357,"December","-3-100"
13,"NE",2,"Merlot","Az Fattoria Eolia",45.345205,11.699838,246.272918701172,194.399948120117,"West","December_2_DOY_357",3.02966870580401,357,"December","100-200"
14,"NO",7,"Merlot","Az. San Nazario",45.30811,11.642855,241.93571472168,19.8985691070557,"West","December_2_DOY_357",3.54041133608137,357,"December","-3-100"
15,"CT",12,"Merlot","Az Ca’ Lustra Zanovello",45.303423,11.691333,206.52294921875,203.978057861328,"South","December_2_DOY_357",4.28794917890004,357,"December","200-300"
16,"SU",16,"Merlot","Az. Il Mottolo",45.251184,11.704945,51.3727188110352,17.8118152618408,"East","December_2_DOY_357",3.0237174869648,357,"December","-3-100"
17,"NE",4,"Moscato giallo","Az Fattoria Eolia",45.345205,11.699838,349.010650634766,189.554321289062,"North","December_2_DOY_357",1.82460579701832,357,"December","100-200"
18,"NO",9,"Moscato giallo","Az. San Nazario",45.30811,11.642855,174.656707763672,24.0276756286621,"South","December_2_DOY_357",4.36271076542991,357,"December","-3-100"
19,"CT",13,"Moscato giallo","Az Ca’ Lustra Zanovello",45.302492,11.690781,179.951187133789,193.538619995117,"South","December_2_DOY_357",5.25230262960706,357,"December","100-200"
20,"SU",18,"Moscato giallo","Az. Il Mottolo",45.251184,11.704945,127.416633605957,23.6866874694824,"East","December_2_DOY_357",4.40790850775582,357,"December","-3-100"
1,"NE",3,"Carbernet Sauvignon","Az Fattoria Eolia",45.345205,11.699838,47.9610481262207,199.962020874023,"East","February_1_DOY_42",7.46948928182775,42,"February","100-200"
2,"NO",8,"Carbernet Sauvignon","Az. San Nazario",45.30811,11.642855,201.511367797852,19.3024082183838,"South","February_1_DOY_42",9.0199216875163,42,"February","-3-100"
3,"CT",20,"Carbernet Sauvignon","Az Ca’ Lustra Zanovello",45.305664,11.696812,265.115203857422,262.612030029297,"West","February_1_DOY_42",6.34895183281465,42,"February","200-300"
4,"SU",17,"Carbernet Sauvignon","Az. Il Mottolo",45.251184,11.704945,122.78044128418,42.613597869873,"East","February_1_DOY_42",10.7614167820324,42,"February","-3-100"
5,"NE",1,"Chardonnay","Az. Vignalta",45.344174,11.712021,96.4727020263672,24.2472381591797,"East","February_1_DOY_42",7.85996404561129,42,"February","-3-100"
6,"NO",6,"Chardonnay","Az. San Nazario",45.30811,11.642855,316.952941894531,16.4042930603027,"North","February_1_DOY_42",8.07300952889702,42,"February","-3-100"
7,"CT",11,"Chardonnay","Az Ca’ Lustra Zanovello",45.305664,11.696812,228.241500854492,261.920440673828,"West","February_1_DOY_42",8.02112098173662,42,"February","200-300"
8,"SU",15,"Chardonnay","Az. Il Filò delle Vigne",45.24539,11.700875,83.0387725830078,112.657325744629,"East","February_1_DOY_42",10.2960272919048,42,"February","100-200"
9,"NE",5,"Glera","Az Fattoria Eolia",45.345205,11.699838,262.451599121094,207.307495117188,"West","February_1_DOY_42",6.88208397951993,42,"February","200-300"
10,"NO",10,"Glera","Az. San Nazario",45.30811,11.642855,200.804718017578,32.2512664794922,"South","February_1_DOY_42",9.45924936641346,42,"February","-3-100"
11,"CT",14,"Glera","Az Ca’ Lustra Zanovello",45.305964,11.693174,199.094543457031,258.757843017578,"South","February_1_DOY_42",9.66457148031755,42,"February","200-300"
12,"SU",19,"Glera","Az. Vignale di Cecilia",45.274998,11.689283,101.069526672363,63.4985961914062,"East","February_1_DOY_42",9.59972990642894,42,"February","-3-100"
13,"NE",2,"Merlot","Az Fattoria Eolia",45.345205,11.699838,246.272918701172,194.399948120117,"West","February_1_DOY_42",6.4322243549607,42,"February","100-200"
14,"NO",7,"Merlot","Az. San Nazario",45.30811,11.642855,241.93571472168,19.8985691070557,"West","February_1_DOY_42",8.08193457668478,42,"February","-3-100"
15,"CT",12,"Merlot","Az Ca’ Lustra Zanovello",45.303423,11.691333,206.52294921875,203.978057861328,"South","February_1_DOY_42",8.38195030662146,42,"February","200-300"
16,"SU",16,"Merlot","Az. Il Mottolo",45.251184,11.704945,51.3727188110352,17.8118152618408,"East","February_1_DOY_42",8.38156164776195,42,"February","-3-100"
17,"NE",4,"Moscato giallo","Az Fattoria Eolia",45.345205,11.699838,349.010650634766,189.554321289062,"North","February_1_DOY_42",4.73459182544188,42,"February","100-200"
18,"NO",9,"Moscato giallo","Az. San Nazario",45.30811,11.642855,174.656707763672,24.0276756286621,"South","February_1_DOY_42",9.36141347343271,42,"February","-3-100"
19,"CT",13,"Moscato giallo","Az Ca’ Lustra Zanovello",45.302492,11.690781,179.951187133789,193.538619995117,"South","February_1_DOY_42",9.56577214327726,42,"February","100-200"
20,"SU",18,"Moscato giallo","Az. Il Mottolo",45.251184,11.704945,127.416633605957,23.6866874694824,"East","February_1_DOY_42",10.1299997243014,42,"February","-3-100"
1,"NE",3,"Carbernet Sauvignon","Az Fattoria Eolia",45.345205,11.699838,47.9610481262207,199.962020874023,"East","February_2_DOY_53",11.527942276001,53,"February","100-200"
2,"NO",8,"Carbernet Sauvignon","Az. San Nazario",45.30811,11.642855,201.511367797852,19.3024082183838,"South","February_2_DOY_53",14.3871616363525,53,"February","-3-100"
3,"CT",20,"Carbernet Sauvignon","Az Ca’ Lustra Zanovello",45.305664,11.696812,265.115203857422,262.612030029297,"West","February_2_DOY_53",10.5997375488281,53,"February","200-300"
4,"SU",17,"Carbernet Sauvignon","Az. Il Mottolo",45.251184,11.704945,122.78044128418,42.613597869873,"East","February_2_DOY_53",14.2356863021851,53,"February","-3-100"
5,"NE",1,"Chardonnay","Az. Vignalta",45.344174,11.712021,96.4727020263672,24.2472381591797,"East","February_2_DOY_53",11.9737419128418,53,"February","-3-100"
6,"NO",6,"Chardonnay","Az. San Nazario",45.30811,11.642855,316.952941894531,16.4042930603027,"North","February_2_DOY_53",13.2345106124878,53,"February","-3-100"
7,"CT",11,"Chardonnay","Az Ca’ Lustra Zanovello",45.305664,11.696812,228.241500854492,261.920440673828,"West","February_2_DOY_53",11.8809640884399,53,"February","200-300"
8,"SU",15,"Chardonnay","Az. Il Filò delle Vigne",45.24539,11.700875,83.0387725830078,112.657325744629,"East","February_2_DOY_53",14.2355066299438,53,"February","100-200"
9,"NE",5,"Glera","Az Fattoria Eolia",45.345205,11.699838,262.451599121094,207.307495117188,"West","February_2_DOY_53",11.127845954895,53,"February","200-300"
10,"NO",10,"Glera","Az. San Nazario",45.30811,11.642855,200.804718017578,32.2512664794922,"South","February_2_DOY_53",14.7936653137207,53,"February","-3-100"
11,"CT",14,"Glera","Az Ca’ Lustra Zanovello",45.305964,11.693174,199.094543457031,258.757843017578,"South","February_2_DOY_53",13.1623908996582,53,"February","200-300"
12,"SU",19,"Glera","Az. Vignale di Cecilia",45.274998,11.689283,101.069526672363,63.4985961914062,"East","February_2_DOY_53",12.5896747589111,53,"February","-3-100"
13,"NE",2,"Merlot","Az Fattoria Eolia",45.345205,11.699838,246.272918701172,194.399948120117,"West","February_2_DOY_53",11.0055775642395,53,"February","100-200"
14,"NO",7,"Merlot","Az. San Nazario",45.30811,11.642855,241.93571472168,19.8985691070557,"West","February_2_DOY_53",13.2587169647217,53,"February","-3-100"
15,"CT",12,"Merlot","Az Ca’ Lustra Zanovello",45.303423,11.691333,206.52294921875,203.978057861328,"South","February_2_DOY_53",12.3544330596924,53,"February","200-300"
16,"SU",16,"Merlot","Az. Il Mottolo",45.251184,11.704945,51.3727188110352,17.8118152618408,"East","February_2_DOY_53",12.7346210479736,53,"February","-3-100"
17,"NE",4,"Moscato giallo","Az Fattoria Eolia",45.345205,11.699838,349.010650634766,189.554321289062,"North","February_2_DOY_53",8.99401407241821,53,"February","100-200"
18,"NO",9,"Moscato giallo","Az. San Nazario",45.30811,11.642855,174.656707763672,24.0276756286621,"South","February_2_DOY_53",14.4797044754028,53,"February","-3-100"
19,"CT",13,"Moscato giallo","Az Ca’ Lustra Zanovello",45.302492,11.690781,179.951187133789,193.538619995117,"South","February_2_DOY_53",13.4992557525635,53,"February","100-200"
20,"SU",18,"Moscato giallo","Az. Il Mottolo",45.251184,11.704945,127.416633605957,23.6866874694824,"East","February_2_DOY_53",13.8779266357422,53,"February","-3-100"
1,"NE",3,"Carbernet Sauvignon","Az Fattoria Eolia",45.345205,11.699838,47.9610481262207,199.962020874023,"East","January_1_DOY_11",4.37599280145433,11,"January","100-200"
2,"NO",8,"Carbernet Sauvignon","Az. San Nazario",45.30811,11.642855,201.511367797852,19.3024082183838,"South","January_1_DOY_11",4.78263555632697,11,"January","-3-100"
3,"CT",20,"Carbernet Sauvignon","Az Ca’ Lustra Zanovello",45.305664,11.696812,265.115203857422,262.612030029297,"West","January_1_DOY_11",4.1181401875284,11,"January","200-300"
4,"SU",17,"Carbernet Sauvignon","Az. Il Mottolo",45.251184,11.704945,122.78044128418,42.613597869873,"East","January_1_DOY_11",7.06795883178711,11,"January","-3-100"
5,"NE",1,"Chardonnay","Az. Vignalta",45.344174,11.712021,96.4727020263672,24.2472381591797,"East","January_1_DOY_11",4.39436075422499,11,"January","-3-100"
6,"NO",6,"Chardonnay","Az. San Nazario",45.30811,11.642855,316.952941894531,16.4042930603027,"North","January_1_DOY_11",4.39400559001499,11,"January","-3-100"
7,"CT",11,"Chardonnay","Az Ca’ Lustra Zanovello",45.305664,11.696812,228.241500854492,261.920440673828,"West","January_1_DOY_11",5.31171623865763,11,"January","200-300"
8,"SU",15,"Chardonnay","Az. Il Filò delle Vigne",45.24539,11.700875,83.0387725830078,112.657325744629,"East","January_1_DOY_11",7.30641709433662,11,"January","100-200"
9,"NE",5,"Glera","Az Fattoria Eolia",45.345205,11.699838,262.451599121094,207.307495117188,"West","January_1_DOY_11",4.02003678348329,11,"January","200-300"
10,"NO",10,"Glera","Az. San Nazario",45.30811,11.642855,200.804718017578,32.2512664794922,"South","January_1_DOY_11",5.79236054420471,11,"January","-3-100"
11,"CT",14,"Glera","Az Ca’ Lustra Zanovello",45.305964,11.693174,199.094543457031,258.757843017578,"South","January_1_DOY_11",7.20668551656935,11,"January","200-300"
12,"SU",19,"Glera","Az. Vignale di Cecilia",45.274998,11.689283,101.069526672363,63.4985961914062,"East","January_1_DOY_11",5.70790521303813,11,"January","-3-100"
13,"NE",2,"Merlot","Az Fattoria Eolia",45.345205,11.699838,246.272918701172,194.399948120117,"West","January_1_DOY_11",4.01324927806854,11,"January","100-200"
14,"NO",7,"Merlot","Az. San Nazario",45.30811,11.642855,241.93571472168,19.8985691070557,"West","January_1_DOY_11",4.46445075670878,11,"January","-3-100"
15,"CT",12,"Merlot","Az Ca’ Lustra Zanovello",45.303423,11.691333,206.52294921875,203.978057861328,"South","January_1_DOY_11",5.36317989561293,11,"January","200-300"
16,"SU",16,"Merlot","Az. Il Mottolo",45.251184,11.704945,51.3727188110352,17.8118152618408,"East","January_1_DOY_11",4.49320872624715,11,"January","-3-100"
17,"NE",4,"Moscato giallo","Az Fattoria Eolia",45.345205,11.699838,349.010650634766,189.554321289062,"North","January_1_DOY_11",2.73157616787487,11,"January","100-200"
18,"NO",9,"Moscato giallo","Az. San Nazario",45.30811,11.642855,174.656707763672,24.0276756286621,"South","January_1_DOY_11",5.44257431560093,11,"January","-3-100"
19,"CT",13,"Moscato giallo","Az Ca’ Lustra Zanovello",45.302492,11.690781,179.951187133789,193.538619995117,"South","January_1_DOY_11",6.31332180235121,11,"January","100-200"
20,"SU",18,"Moscato giallo","Az. Il Mottolo",45.251184,11.704945,127.416633605957,23.6866874694824,"East","January_1_DOY_11",6.35358558760749,11,"January","-3-100"
1,"NE",3,"Carbernet Sauvignon","Az Fattoria Eolia",45.345205,11.699838,47.9610481262207,199.962020874023,"East","January_2_DOY_21",4.1300437109811,21,"January","100-200"
2,"NO",8,"Carbernet Sauvignon","Az. San Nazario",45.30811,11.642855,201.511367797852,19.3024082183838,"South","January_2_DOY_21",6.8368627684457,21,"January","-3-100"
3,"CT",20,"Carbernet Sauvignon","Az Ca’ Lustra Zanovello",45.305664,11.696812,265.115203857422,262.612030029297,"West","January_2_DOY_21",3.88422553879874,21,"January","200-300"
4,"SU",17,"Carbernet Sauvignon","Az. Il Mottolo",45.251184,11.704945,122.78044128418,42.613597869873,"East","January_2_DOY_21",7.71753583635603,21,"January","-3-100"
5,"NE",1,"Chardonnay","Az. Vignalta",45.344174,11.712021,96.4727020263672,24.2472381591797,"East","January_2_DOY_21",5.25977199418204,21,"January","-3-100"
6,"NO",6,"Chardonnay","Az. San Nazario",45.30811,11.642855,316.952941894531,16.4042930603027,"North","January_2_DOY_21",6.05756534848894,21,"January","-3-100"
7,"CT",11,"Chardonnay","Az Ca’ Lustra Zanovello",45.305664,11.696812,228.241500854492,261.920440673828,"West","January_2_DOY_21",5.04930479185922,21,"January","200-300"
8,"SU",15,"Chardonnay","Az. Il Filò delle Vigne",45.24539,11.700875,83.0387725830078,112.657325744629,"East","January_2_DOY_21",7.41170508520944,21,"January","100-200"
9,"NE",5,"Glera","Az Fattoria Eolia",45.345205,11.699838,262.451599121094,207.307495117188,"West","January_2_DOY_21",4.07128805773599,21,"January","200-300"
10,"NO",10,"Glera","Az. San Nazario",45.30811,11.642855,200.804718017578,32.2512664794922,"South","January_2_DOY_21",7.68719244003296,21,"January","-3-100"
11,"CT",14,"Glera","Az Ca’ Lustra Zanovello",45.305964,11.693174,199.094543457031,258.757843017578,"South","January_2_DOY_21",6.96210670471191,21,"January","200-300"
12,"SU",19,"Glera","Az. Vignale di Cecilia",45.274998,11.689283,101.069526672363,63.4985961914062,"East","January_2_DOY_21",6.52537379946027,21,"January","-3-100"
13,"NE",2,"Merlot","Az Fattoria Eolia",45.345205,11.699838,246.272918701172,194.399948120117,"West","January_2_DOY_21",4.09090719904218,21,"January","100-200"
14,"NO",7,"Merlot","Az. San Nazario",45.30811,11.642855,241.93571472168,19.8985691070557,"West","January_2_DOY_21",6.47864185060774,21,"January","-3-100"
15,"CT",12,"Merlot","Az Ca’ Lustra Zanovello",45.303423,11.691333,206.52294921875,203.978057861328,"South","January_2_DOY_21",5.61719403948103,21,"January","200-300"
16,"SU",16,"Merlot","Az. Il Mottolo",45.251184,11.704945,51.3727188110352,17.8118152618408,"East","January_2_DOY_21",5.47972961834499,21,"January","-3-100"
17,"NE",4,"Moscato giallo","Az Fattoria Eolia",45.345205,11.699838,349.010650634766,189.554321289062,"North","January_2_DOY_21",2.73706874677113,21,"January","100-200"
18,"NO",9,"Moscato giallo","Az. San Nazario",45.30811,11.642855,174.656707763672,24.0276756286621,"South","January_2_DOY_21",7.34509263719831,21,"January","-3-100"
19,"CT",13,"Moscato giallo","Az Ca’ Lustra Zanovello",45.302492,11.690781,179.951187133789,193.538619995117,"South","January_2_DOY_21",6.54117495673043,21,"January","100-200"
20,"SU",18,"Moscato giallo","Az. Il Mottolo",45.251184,11.704945,127.416633605957,23.6866874694824,"East","January_2_DOY_21",7.2712345804487,21,"January","-3-100"
1,"NE",3,"Carbernet Sauvignon","Az Fattoria Eolia",45.345205,11.699838,47.9610481262207,199.962020874023,"East","July_1_DOY_188",29.8229662577311,188,"July","100-200"
2,"NO",8,"Carbernet Sauvignon","Az. San Nazario",45.30811,11.642855,201.511367797852,19.3024082183838,"South","July_1_DOY_188",29.012503862381,188,"July","-3-100"
3,"CT",20,"Carbernet Sauvignon","Az Ca’ Lustra Zanovello",45.305664,11.696812,265.115203857422,262.612030029297,"West","July_1_DOY_188",27.4131571451823,188,"July","200-300"
4,"SU",17,"Carbernet Sauvignon","Az. Il Mottolo",45.251184,11.704945,122.78044128418,42.613597869873,"East","July_1_DOY_188",30.6937005784776,188,"July","-3-100"
5,"NE",1,"Chardonnay","Az. Vignalta",45.344174,11.712021,96.4727020263672,24.2472381591797,"East","July_1_DOY_188",29.0989629957411,188,"July","-3-100"
6,"NO",6,"Chardonnay","Az. San Nazario",45.30811,11.642855,316.952941894531,16.4042930603027,"North","July_1_DOY_188",30.595751285553,188,"July","-3-100"
7,"CT",11,"Chardonnay","Az Ca’ Lustra Zanovello",45.305664,11.696812,228.241500854492,261.920440673828,"West","July_1_DOY_188",28.4283034006755,188,"July","200-300"
8,"SU",15,"Chardonnay","Az. Il Filò delle Vigne",45.24539,11.700875,83.0387725830078,112.657325744629,"East","July_1_DOY_188",28.4413392808702,188,"July","100-200"
9,"NE",5,"Glera","Az Fattoria Eolia",45.345205,11.699838,262.451599121094,207.307495117188,"West","July_1_DOY_188",29.1043088436127,188,"July","200-300"
10,"NO",10,"Glera","Az. San Nazario",45.30811,11.642855,200.804718017578,32.2512664794922,"South","July_1_DOY_188",30.1301090717316,188,"July","-3-100"
11,"CT",14,"Glera","Az Ca’ Lustra Zanovello",45.305964,11.693174,199.094543457031,258.757843017578,"South","July_1_DOY_188",27.6611749860975,188,"July","200-300"
12,"SU",19,"Glera","Az. Vignale di Cecilia",45.274998,11.689283,101.069526672363,63.4985961914062,"East","July_1_DOY_188",29.0367393493652,188,"July","-3-100"
13,"NE",2,"Merlot","Az Fattoria Eolia",45.345205,11.699838,246.272918701172,194.399948120117,"West","July_1_DOY_188",28.8900020122528,188,"July","100-200"
14,"NO",7,"Merlot","Az. San Nazario",45.30811,11.642855,241.93571472168,19.8985691070557,"West","July_1_DOY_188",29.3180165290833,188,"July","-3-100"
15,"CT",12,"Merlot","Az Ca’ Lustra Zanovello",45.303423,11.691333,206.52294921875,203.978057861328,"South","July_1_DOY_188",29.7056221432156,188,"July","200-300"
16,"SU",16,"Merlot","Az. Il Mottolo",45.251184,11.704945,51.3727188110352,17.8118152618408,"East","July_1_DOY_188",30.1972643534342,188,"July","-3-100"
17,"NE",4,"Moscato giallo","Az Fattoria Eolia",45.345205,11.699838,349.010650634766,189.554321289062,"North","July_1_DOY_188",28.1729113260905,188,"July","100-200"
18,"NO",9,"Moscato giallo","Az. San Nazario",45.30811,11.642855,174.656707763672,24.0276756286621,"South","July_1_DOY_188",29.5185263156891,188,"July","-3-100"
19,"CT",13,"Moscato giallo","Az Ca’ Lustra Zanovello",45.302492,11.690781,179.951187133789,193.538619995117,"South","July_1_DOY_188",30.6136767069499,188,"July","100-200"
20,"SU",18,"Moscato giallo","Az. Il Mottolo",45.251184,11.704945,127.416633605957,23.6866874694824,"East","July_1_DOY_188",30.6035726335314,188,"July","-3-100"
1,"NE",3,"Carbernet Sauvignon","Az Fattoria Eolia",45.345205,11.699838,47.9610481262207,199.962020874023,"East","July_2_DOY_204",28.9735959370931,204,"July","100-200"
2,"NO",8,"Carbernet Sauvignon","Az. San Nazario",45.30811,11.642855,201.511367797852,19.3024082183838,"South","July_2_DOY_204",28.7324623531765,204,"July","-3-100"
3,"CT",20,"Carbernet Sauvignon","Az Ca’ Lustra Zanovello",45.305664,11.696812,265.115203857422,262.612030029297,"West","July_2_DOY_204",26.9809911515978,204,"July","200-300"
4,"SU",17,"Carbernet Sauvignon","Az. Il Mottolo",45.251184,11.704945,122.78044128418,42.613597869873,"East","July_2_DOY_204",30.2042232089572,204,"July","-3-100"
5,"NE",1,"Chardonnay","Az. Vignalta",45.344174,11.712021,96.4727020263672,24.2472381591797,"East","July_2_DOY_204",28.581703821818,204,"July","-3-100"
6,"NO",6,"Chardonnay","Az. San Nazario",45.30811,11.642855,316.952941894531,16.4042930603027,"North","July_2_DOY_204",29.1640349494086,204,"July","-3-100"
7,"CT",11,"Chardonnay","Az Ca’ Lustra Zanovello",45.305664,11.696812,228.241500854492,261.920440673828,"West","July_2_DOY_204",27.9982062445747,204,"July","200-300"
8,"SU",15,"Chardonnay","Az. Il Filò delle Vigne",45.24539,11.700875,83.0387725830078,112.657325744629,"East","July_2_DOY_204",28.136091709137,204,"July","100-200"
9,"NE",5,"Glera","Az Fattoria Eolia",45.345205,11.699838,262.451599121094,207.307495117188,"West","July_2_DOY_204",28.204049428304,204,"July","200-300"
10,"NO",10,"Glera","Az. San Nazario",45.30811,11.642855,200.804718017578,32.2512664794922,"South","July_2_DOY_204",28.9798352983263,204,"July","-3-100"
11,"CT",14,"Glera","Az Ca’ Lustra Zanovello",45.305964,11.693174,199.094543457031,258.757843017578,"South","July_2_DOY_204",27.5023670196533,204,"July","200-300"
12,"SU",19,"Glera","Az. Vignale di Cecilia",45.274998,11.689283,101.069526672363,63.4985961914062,"East","July_2_DOY_204",28.8202593061659,204,"July","-3-100"
13,"NE",2,"Merlot","Az Fattoria Eolia",45.345205,11.699838,246.272918701172,194.399948120117,"West","July_2_DOY_204",28.0723353491889,204,"July","100-200"
14,"NO",7,"Merlot","Az. San Nazario",45.30811,11.642855,241.93571472168,19.8985691070557,"West","July_2_DOY_204",28.5188977983263,204,"July","-3-100"
15,"CT",12,"Merlot","Az Ca’ Lustra Zanovello",45.303423,11.691333,206.52294921875,203.978057861328,"South","July_2_DOY_204",28.7087097167969,204,"July","200-300"
16,"SU",16,"Merlot","Az. Il Mottolo",45.251184,11.704945,51.3727188110352,17.8118152618408,"East","July_2_DOY_204",30.0009115007189,204,"July","-3-100"
17,"NE",4,"Moscato giallo","Az Fattoria Eolia",45.345205,11.699838,349.010650634766,189.554321289062,"North","July_2_DOY_204",27.3318352169461,204,"July","100-200"
18,"NO",9,"Moscato giallo","Az. San Nazario",45.30811,11.642855,174.656707763672,24.0276756286621,"South","July_2_DOY_204",28.9878052605523,204,"July","-3-100"
19,"CT",13,"Moscato giallo","Az Ca’ Lustra Zanovello",45.302492,11.690781,179.951187133789,193.538619995117,"South","July_2_DOY_204",29.2155462900798,204,"July","100-200"
20,"SU",18,"Moscato giallo","Az. Il Mottolo",45.251184,11.704945,127.416633605957,23.6866874694824,"East","July_2_DOY_204",30.3380126953125,204,"July","-3-100"
1,"NE",3,"Carbernet Sauvignon","Az Fattoria Eolia",45.345205,11.699838,47.9610481262207,199.962020874023,"East","June_1_DOY_160",27.1940479278564,160,"June","100-200"
2,"NO",8,"Carbernet Sauvignon","Az. San Nazario",45.30811,11.642855,201.511367797852,19.3024082183838,"South","June_1_DOY_160",28.0810418810163,160,"June","-3-100"
3,"CT",20,"Carbernet Sauvignon","Az Ca’ Lustra Zanovello",45.305664,11.696812,265.115203857422,262.612030029297,"West","June_1_DOY_160",25.9360367457072,160,"June","200-300"
4,"SU",17,"Carbernet Sauvignon","Az. Il Mottolo",45.251184,11.704945,122.78044128418,42.613597869873,"East","June_1_DOY_160",28.7191546758016,160,"June","-3-100"
5,"NE",1,"Chardonnay","Az. Vignalta",45.344174,11.712021,96.4727020263672,24.2472381591797,"East","June_1_DOY_160",28.2144383021763,160,"June","-3-100"
6,"NO",6,"Chardonnay","Az. San Nazario",45.30811,11.642855,316.952941894531,16.4042930603027,"North","June_1_DOY_160",28.98034123012,160,"June","-3-100"
7,"CT",11,"Chardonnay","Az Ca’ Lustra Zanovello",45.305664,11.696812,228.241500854492,261.920440673828,"West","June_1_DOY_160",26.8443862370082,160,"June","200-300"
8,"SU",15,"Chardonnay","Az. Il Filò delle Vigne",45.24539,11.700875,83.0387725830078,112.657325744629,"East","June_1_DOY_160",26.9039319356283,160,"June","100-200"
9,"NE",5,"Glera","Az Fattoria Eolia",45.345205,11.699838,262.451599121094,207.307495117188,"West","June_1_DOY_160",26.78304372515,160,"June","200-300"
10,"NO",10,"Glera","Az. San Nazario",45.30811,11.642855,200.804718017578,32.2512664794922,"South","June_1_DOY_160",29.0382766723633,160,"June","-3-100"
11,"CT",14,"Glera","Az Ca’ Lustra Zanovello",45.305964,11.693174,199.094543457031,258.757843017578,"South","June_1_DOY_160",26.483946119036,160,"June","200-300"
12,"SU",19,"Glera","Az. Vignale di Cecilia",45.274998,11.689283,101.069526672363,63.4985961914062,"East","June_1_DOY_160",27.2772455215454,160,"June","-3-100"
13,"NE",2,"Merlot","Az Fattoria Eolia",45.345205,11.699838,246.272918701172,194.399948120117,"West","June_1_DOY_160",26.8621997833252,160,"June","100-200"
14,"NO",7,"Merlot","Az. San Nazario",45.30811,11.642855,241.93571472168,19.8985691070557,"West","June_1_DOY_160",27.9831270490374,160,"June","-3-100"
15,"CT",12,"Merlot","Az Ca’ Lustra Zanovello",45.303423,11.691333,206.52294921875,203.978057861328,"South","June_1_DOY_160",27.6256629398891,160,"June","200-300"
16,"SU",16,"Merlot","Az. Il Mottolo",45.251184,11.704945,51.3727188110352,17.8118152618408,"East","June_1_DOY_160",28.5941775639852,160,"June","-3-100"
17,"NE",4,"Moscato giallo","Az Fattoria Eolia",45.345205,11.699838,349.010650634766,189.554321289062,"North","June_1_DOY_160",25.9376757485526,160,"June","100-200"
18,"NO",9,"Moscato giallo","Az. San Nazario",45.30811,11.642855,174.656707763672,24.0276756286621,"South","June_1_DOY_160",28.3339996337891,160,"June","-3-100"
19,"CT",13,"Moscato giallo","Az Ca’ Lustra Zanovello",45.302492,11.690781,179.951187133789,193.538619995117,"South","June_1_DOY_160",28.0708694458008,160,"June","100-200"
20,"SU",18,"Moscato giallo","Az. Il Mottolo",45.251184,11.704945,127.416633605957,23.6866874694824,"East","June_1_DOY_160",28.8639272054036,160,"June","-3-100"
1,"NE",3,"Carbernet Sauvignon","Az Fattoria Eolia",45.345205,11.699838,47.9610481262207,199.962020874023,"East","June_2_DOY_175",30.3390342167446,175,"June","100-200"
2,"NO",8,"Carbernet Sauvignon","Az. San Nazario",45.30811,11.642855,201.511367797852,19.3024082183838,"South","June_2_DOY_175",30.3830601828439,175,"June","-3-100"
3,"CT",20,"Carbernet Sauvignon","Az Ca’ Lustra Zanovello",45.305664,11.696812,265.115203857422,262.612030029297,"West","June_2_DOY_175",28.8247160230364,175,"June","200-300"
4,"SU",17,"Carbernet Sauvignon","Az. Il Mottolo",45.251184,11.704945,122.78044128418,42.613597869873,"East","June_2_DOY_175",31.8358906337193,175,"June","-3-100"
5,"NE",1,"Chardonnay","Az. Vignalta",45.344174,11.712021,96.4727020263672,24.2472381591797,"East","June_2_DOY_175",30.6530519212995,175,"June","-3-100"
6,"NO",6,"Chardonnay","Az. San Nazario",45.30811,11.642855,316.952941894531,16.4042930603027,"North","June_2_DOY_175",31.2541539328439,175,"June","-3-100"
7,"CT",11,"Chardonnay","Az Ca’ Lustra Zanovello",45.305664,11.696812,228.241500854492,261.920440673828,"West","June_2_DOY_175",30.0534542628697,175,"June","200-300"
8,"SU",15,"Chardonnay","Az. Il Filò delle Vigne",45.24539,11.700875,83.0387725830078,112.657325744629,"East","June_2_DOY_175",29.9476522718157,175,"June","100-200"
9,"NE",5,"Glera","Az Fattoria Eolia",45.345205,11.699838,262.451599121094,207.307495117188,"West","June_2_DOY_175",29.5855206080845,175,"June","200-300"
10,"NO",10,"Glera","Az. San Nazario",45.30811,11.642855,200.804718017578,32.2512664794922,"South","June_2_DOY_175",31.0509169442313,175,"June","-3-100"
11,"CT",14,"Glera","Az Ca’ Lustra Zanovello",45.305964,11.693174,199.094543457031,258.757843017578,"South","June_2_DOY_175",28.9627704620361,175,"June","200-300"
12,"SU",19,"Glera","Az. Vignale di Cecilia",45.274998,11.689283,101.069526672363,63.4985961914062,"East","June_2_DOY_175",31.0877742767334,175,"June","-3-100"
13,"NE",2,"Merlot","Az Fattoria Eolia",45.345205,11.699838,246.272918701172,194.399948120117,"West","June_2_DOY_175",29.4944893973214,175,"June","100-200"
14,"NO",7,"Merlot","Az. San Nazario",45.30811,11.642855,241.93571472168,19.8985691070557,"West","June_2_DOY_175",30.6291517530169,175,"June","-3-100"
15,"CT",12,"Merlot","Az Ca’ Lustra Zanovello",45.303423,11.691333,206.52294921875,203.978057861328,"South","June_2_DOY_175",30.2721949986049,175,"June","200-300"
16,"SU",16,"Merlot","Az. Il Mottolo",45.251184,11.704945,51.3727188110352,17.8118152618408,"East","June_2_DOY_175",30.2481831141881,175,"June","-3-100"
17,"NE",4,"Moscato giallo","Az Fattoria Eolia",45.345205,11.699838,349.010650634766,189.554321289062,"North","June_2_DOY_175",28.7230093819754,175,"June","100-200"
18,"NO",9,"Moscato giallo","Az. San Nazario",45.30811,11.642855,174.656707763672,24.0276756286621,"South","June_2_DOY_175",30.6883166176932,175,"June","-3-100"
19,"CT",13,"Moscato giallo","Az Ca’ Lustra Zanovello",45.302492,11.690781,179.951187133789,193.538619995117,"South","June_2_DOY_175",30.7817262922015,175,"June","100-200"
20,"SU",18,"Moscato giallo","Az. Il Mottolo",45.251184,11.704945,127.416633605957,23.6866874694824,"East","June_2_DOY_175",31.3203735351562,175,"June","-3-100"
1,"NE",3,"Carbernet Sauvignon","Az Fattoria Eolia",45.345205,11.699838,47.9610481262207,199.962020874023,"East","March_1_DOY_64",13.7001615251814,64,"March","100-200"
2,"NO",8,"Carbernet Sauvignon","Az. San Nazario",45.30811,11.642855,201.511367797852,19.3024082183838,"South","March_1_DOY_64",15.8728030068534,64,"March","-3-100"
3,"CT",20,"Carbernet Sauvignon","Az Ca’ Lustra Zanovello",45.305664,11.696812,265.115203857422,262.612030029297,"West","March_1_DOY_64",12.600561278207,64,"March","200-300"
4,"SU",17,"Carbernet Sauvignon","Az. Il Mottolo",45.251184,11.704945,122.78044128418,42.613597869873,"East","March_1_DOY_64",16.3136510848999,64,"March","-3-100"
5,"NE",1,"Chardonnay","Az. Vignalta",45.344174,11.712021,96.4727020263672,24.2472381591797,"East","March_1_DOY_64",14.8885241917201,64,"March","-3-100"
6,"NO",6,"Chardonnay","Az. San Nazario",45.30811,11.642855,316.952941894531,16.4042930603027,"North","March_1_DOY_64",14.9093734423319,64,"March","-3-100"
7,"CT",11,"Chardonnay","Az Ca’ Lustra Zanovello",45.305664,11.696812,228.241500854492,261.920440673828,"West","March_1_DOY_64",13.975036076137,64,"March","200-300"
8,"SU",15,"Chardonnay","Az. Il Filò delle Vigne",45.24539,11.700875,83.0387725830078,112.657325744629,"East","March_1_DOY_64",15.6254419599261,64,"March","100-200"
9,"NE",5,"Glera","Az Fattoria Eolia",45.345205,11.699838,262.451599121094,207.307495117188,"West","March_1_DOY_64",13.2220166070121,64,"March","200-300"
10,"NO",10,"Glera","Az. San Nazario",45.30811,11.642855,200.804718017578,32.2512664794922,"South","March_1_DOY_64",16.5930745261056,64,"March","-3-100"
11,"CT",14,"Glera","Az Ca’ Lustra Zanovello",45.305964,11.693174,199.094543457031,258.757843017578,"South","March_1_DOY_64",14.848826272147,64,"March","200-300"
12,"SU",19,"Glera","Az. Vignale di Cecilia",45.274998,11.689283,101.069526672363,63.4985961914062,"East","March_1_DOY_64",15.4087339128767,64,"March","-3-100"
13,"NE",2,"Merlot","Az Fattoria Eolia",45.345205,11.699838,246.272918701172,194.399948120117,"West","March_1_DOY_64",13.0367475237165,64,"March","100-200"
14,"NO",7,"Merlot","Az. San Nazario",45.30811,11.642855,241.93571472168,19.8985691070557,"West","March_1_DOY_64",15.479859488351,64,"March","-3-100"
15,"CT",12,"Merlot","Az Ca’ Lustra Zanovello",45.303423,11.691333,206.52294921875,203.978057861328,"South","March_1_DOY_64",14.6397707802909,64,"March","200-300"
16,"SU",16,"Merlot","Az. Il Mottolo",45.251184,11.704945,51.3727188110352,17.8118152618408,"East","March_1_DOY_64",14.9115612847464,64,"March","-3-100"
17,"NE",4,"Moscato giallo","Az Fattoria Eolia",45.345205,11.699838,349.010650634766,189.554321289062,"North","March_1_DOY_64",11.7090762002128,64,"March","100-200"
18,"NO",9,"Moscato giallo","Az. San Nazario",45.30811,11.642855,174.656707763672,24.0276756286621,"South","March_1_DOY_64",16.3370953968593,64,"March","-3-100"
19,"CT",13,"Moscato giallo","Az Ca’ Lustra Zanovello",45.302492,11.690781,179.951187133789,193.538619995117,"South","March_1_DOY_64",15.561138016837,64,"March","100-200"
20,"SU",18,"Moscato giallo","Az. Il Mottolo",45.251184,11.704945,127.416633605957,23.6866874694824,"East","March_1_DOY_64",15.9983087267194,64,"March","-3-100"
1,"NE",3,"Carbernet Sauvignon","Az Fattoria Eolia",45.345205,11.699838,47.9610481262207,199.962020874023,"East","March_2_DOY_82",17.8335899006237,82,"March","100-200"
2,"NO",8,"Carbernet Sauvignon","Az. San Nazario",45.30811,11.642855,201.511367797852,19.3024082183838,"South","March_2_DOY_82",21.6208398992365,82,"March","-3-100"
3,"CT",20,"Carbernet Sauvignon","Az Ca’ Lustra Zanovello",45.305664,11.696812,265.115203857422,262.612030029297,"West","March_2_DOY_82",16.7672598578713,82,"March","200-300"
4,"SU",17,"Carbernet Sauvignon","Az. Il Mottolo",45.251184,11.704945,122.78044128418,42.613597869873,"East","March_2_DOY_82",20.6404261155562,82,"March","-3-100"
5,"NE",1,"Chardonnay","Az. Vignalta",45.344174,11.712021,96.4727020263672,24.2472381591797,"East","March_2_DOY_82",18.6107945875688,82,"March","-3-100"
6,"NO",6,"Chardonnay","Az. San Nazario",45.30811,11.642855,316.952941894531,16.4042930603027,"North","March_2_DOY_82",20.6156350916082,82,"March","-3-100"
7,"CT",11,"Chardonnay","Az Ca’ Lustra Zanovello",45.305664,11.696812,228.241500854492,261.920440673828,"West","March_2_DOY_82",18.2273080132224,82,"March","200-300"
8,"SU",15,"Chardonnay","Az. Il Filò delle Vigne",45.24539,11.700875,83.0387725830078,112.657325744629,"East","March_2_DOY_82",19.9253857352517,82,"March","100-200"
9,"NE",5,"Glera","Az Fattoria Eolia",45.345205,11.699838,262.451599121094,207.307495117188,"West","March_2_DOY_82",17.4527544541792,82,"March","200-300"
10,"NO",10,"Glera","Az. San Nazario",45.30811,11.642855,200.804718017578,32.2512664794922,"South","March_2_DOY_82",21.3535007130016,82,"March","-3-100"
11,"CT",14,"Glera","Az Ca’ Lustra Zanovello",45.305964,11.693174,199.094543457031,258.757843017578,"South","March_2_DOY_82",19.2427090731534,82,"March","200-300"
12,"SU",19,"Glera","Az. Vignale di Cecilia",45.274998,11.689283,101.069526672363,63.4985961914062,"East","March_2_DOY_82",20.1627836227417,82,"March","-3-100"
13,"NE",2,"Merlot","Az Fattoria Eolia",45.345205,11.699838,246.272918701172,194.399948120117,"West","March_2_DOY_82",17.251013062217,82,"March","100-200"
14,"NO",7,"Merlot","Az. San Nazario",45.30811,11.642855,241.93571472168,19.8985691070557,"West","March_2_DOY_82",20.8929323716597,82,"March","-3-100"
15,"CT",12,"Merlot","Az Ca’ Lustra Zanovello",45.303423,11.691333,206.52294921875,203.978057861328,"South","March_2_DOY_82",19.4265434958718,82,"March","200-300"
16,"SU",16,"Merlot","Az. Il Mottolo",45.251184,11.704945,51.3727188110352,17.8118152618408,"East","March_2_DOY_82",19.6846150484952,82,"March","-3-100"
17,"NE",4,"Moscato giallo","Az Fattoria Eolia",45.345205,11.699838,349.010650634766,189.554321289062,"North","March_2_DOY_82",15.8915145180442,82,"March","100-200"
18,"NO",9,"Moscato giallo","Az. San Nazario",45.30811,11.642855,174.656707763672,24.0276756286621,"South","March_2_DOY_82",21.6047704870051,82,"March","-3-100"
19,"CT",13,"Moscato giallo","Az Ca’ Lustra Zanovello",45.302492,11.690781,179.951187133789,193.538619995117,"South","March_2_DOY_82",20.0560789975253,82,"March","100-200"
20,"SU",18,"Moscato giallo","Az. Il Mottolo",45.251184,11.704945,127.416633605957,23.6866874694824,"East","March_2_DOY_82",20.395750132474,82,"March","-3-100"
1,"NE",3,"Carbernet Sauvignon","Az Fattoria Eolia",45.345205,11.699838,47.9610481262207,199.962020874023,"East","May_1_DOY_127",23.61887550354,127,"May","100-200"
2,"NO",8,"Carbernet Sauvignon","Az. San Nazario",45.30811,11.642855,201.511367797852,19.3024082183838,"South","May_1_DOY_127",27.1488854090373,127,"May","-3-100"
3,"CT",20,"Carbernet Sauvignon","Az Ca’ Lustra Zanovello",45.305664,11.696812,265.115203857422,262.612030029297,"West","May_1_DOY_127",22.9538192749023,127,"May","200-300"
4,"SU",17,"Carbernet Sauvignon","Az. Il Mottolo",45.251184,11.704945,122.78044128418,42.613597869873,"East","May_1_DOY_127",25.7688620885213,127,"May","-3-100"
5,"NE",1,"Chardonnay","Az. Vignalta",45.344174,11.712021,96.4727020263672,24.2472381591797,"East","May_1_DOY_127",24.9781300226847,127,"May","-3-100"
6,"NO",6,"Chardonnay","Az. San Nazario",45.30811,11.642855,316.952941894531,16.4042930603027,"North","May_1_DOY_127",26.0355504353841,127,"May","-3-100"
7,"CT",11,"Chardonnay","Az Ca’ Lustra Zanovello",45.305664,11.696812,228.241500854492,261.920440673828,"West","May_1_DOY_127",23.7995926539103,127,"May","200-300"
8,"SU",15,"Chardonnay","Az. Il Filò delle Vigne",45.24539,11.700875,83.0387725830078,112.657325744629,"East","May_1_DOY_127",24.2351840337118,127,"May","100-200"
9,"NE",5,"Glera","Az Fattoria Eolia",45.345205,11.699838,262.451599121094,207.307495117188,"West","May_1_DOY_127",22.9405097961426,127,"May","200-300"
10,"NO",10,"Glera","Az. San Nazario",45.30811,11.642855,200.804718017578,32.2512664794922,"South","May_1_DOY_127",27.9249286651611,127,"May","-3-100"
11,"CT",14,"Glera","Az Ca’ Lustra Zanovello",45.305964,11.693174,199.094543457031,258.757843017578,"South","May_1_DOY_127",22.8961623509725,127,"May","200-300"
12,"SU",19,"Glera","Az. Vignale di Cecilia",45.274998,11.689283,101.069526672363,63.4985961914062,"East","May_1_DOY_127",24.1236483256022,127,"May","-3-100"
13,"NE",2,"Merlot","Az Fattoria Eolia",45.345205,11.699838,246.272918701172,194.399948120117,"West","May_1_DOY_127",22.629358291626,127,"May","100-200"
14,"NO",7,"Merlot","Az. San Nazario",45.30811,11.642855,241.93571472168,19.8985691070557,"West","May_1_DOY_127",26.8351411819458,127,"May","-3-100"
15,"CT",12,"Merlot","Az Ca’ Lustra Zanovello",45.303423,11.691333,206.52294921875,203.978057861328,"South","May_1_DOY_127",25.2251612345378,127,"May","200-300"
16,"SU",16,"Merlot","Az. Il Mottolo",45.251184,11.704945,51.3727188110352,17.8118152618408,"East","May_1_DOY_127",25.4090846379598,127,"May","-3-100"
17,"NE",4,"Moscato giallo","Az Fattoria Eolia",45.345205,11.699838,349.010650634766,189.554321289062,"North","May_1_DOY_127",22.4186824162801,127,"May","100-200"
18,"NO",9,"Moscato giallo","Az. San Nazario",45.30811,11.642855,174.656707763672,24.0276756286621,"South","May_1_DOY_127",27.1779940923055,127,"May","-3-100"
19,"CT",13,"Moscato giallo","Az Ca’ Lustra Zanovello",45.302492,11.690781,179.951187133789,193.538619995117,"South","May_1_DOY_127",25.9775867462158,127,"May","100-200"
20,"SU",18,"Moscato giallo","Az. Il Mottolo",45.251184,11.704945,127.416633605957,23.6866874694824,"East","May_1_DOY_127",26.5673637390137,127,"May","-3-100"
1,"NE",3,"Carbernet Sauvignon","Az Fattoria Eolia",45.345205,11.699838,47.9610481262207,199.962020874023,"East","May_2_DOY_147",23.542501449585,147,"May","100-200"
2,"NO",8,"Carbernet Sauvignon","Az. San Nazario",45.30811,11.642855,201.511367797852,19.3024082183838,"South","May_2_DOY_147",25.8953151702881,147,"May","-3-100"
3,"CT",20,"Carbernet Sauvignon","Az Ca’ Lustra Zanovello",45.305664,11.696812,265.115203857422,262.612030029297,"West","May_2_DOY_147",23.4390525817871,147,"May","200-300"
4,"SU",17,"Carbernet Sauvignon","Az. Il Mottolo",45.251184,11.704945,122.78044128418,42.613597869873,"East","May_2_DOY_147",26.4311447143555,147,"May","-3-100"
5,"NE",1,"Chardonnay","Az. Vignalta",45.344174,11.712021,96.4727020263672,24.2472381591797,"East","May_2_DOY_147",26.2215423583984,147,"May","-3-100"
6,"NO",6,"Chardonnay","Az. San Nazario",45.30811,11.642855,316.952941894531,16.4042930603027,"North","May_2_DOY_147",26.8807525634766,147,"May","-3-100"
7,"CT",11,"Chardonnay","Az Ca’ Lustra Zanovello",45.305664,11.696812,228.241500854492,261.920440673828,"West","May_2_DOY_147",23.8754215240479,147,"May","200-300"
8,"SU",15,"Chardonnay","Az. Il Filò delle Vigne",45.24539,11.700875,83.0387725830078,112.657325744629,"East","May_2_DOY_147",24.466739654541,147,"May","100-200"
9,"NE",5,"Glera","Az Fattoria Eolia",45.345205,11.699838,262.451599121094,207.307495117188,"West","May_2_DOY_147",23.0901756286621,147,"May","200-300"
10,"NO",10,"Glera","Az. San Nazario",45.30811,11.642855,200.804718017578,32.2512664794922,"South","May_2_DOY_147",27.2876567840576,147,"May","-3-100"
11,"CT",14,"Glera","Az Ca’ Lustra Zanovello",45.305964,11.693174,199.094543457031,258.757843017578,"South","May_2_DOY_147",24.211971282959,147,"May","200-300"
12,"SU",19,"Glera","Az. Vignale di Cecilia",45.274998,11.689283,101.069526672363,63.4985961914062,"East","May_2_DOY_147",25.4444808959961,147,"May","-3-100"
13,"NE",2,"Merlot","Az Fattoria Eolia",45.345205,11.699838,246.272918701172,194.399948120117,"West","May_2_DOY_147",22.9338417053223,147,"May","100-200"
14,"NO",7,"Merlot","Az. San Nazario",45.30811,11.642855,241.93571472168,19.8985691070557,"West","May_2_DOY_147",26.2431621551514,147,"May","-3-100"
15,"CT",12,"Merlot","Az Ca’ Lustra Zanovello",45.303423,11.691333,206.52294921875,203.978057861328,"South","May_2_DOY_147",24.1114826202393,147,"May","200-300"
16,"SU",16,"Merlot","Az. Il Mottolo",45.251184,11.704945,51.3727188110352,17.8118152618408,"East","May_2_DOY_147",24.8798370361328,147,"May","-3-100"
17,"NE",4,"Moscato giallo","Az Fattoria Eolia",45.345205,11.699838,349.010650634766,189.554321289062,"North","May_2_DOY_147",22.8099479675293,147,"May","100-200"
18,"NO",9,"Moscato giallo","Az. San Nazario",45.30811,11.642855,174.656707763672,24.0276756286621,"South","May_2_DOY_147",25.8637542724609,147,"May","-3-100"
19,"CT",13,"Moscato giallo","Az Ca’ Lustra Zanovello",45.302492,11.690781,179.951187133789,193.538619995117,"South","May_2_DOY_147",24.2683868408203,147,"May","100-200"
20,"SU",18,"Moscato giallo","Az. Il Mottolo",45.251184,11.704945,127.416633605957,23.6866874694824,"East","May_2_DOY_147",26.8398952484131,147,"May","-3-100"
1,"NE",3,"Carbernet Sauvignon","Az Fattoria Eolia",45.345205,11.699838,47.9610481262207,199.962020874023,"East","November_1_DOY_312",12.9464227676392,312,"November","100-200"
2,"NO",8,"Carbernet Sauvignon","Az. San Nazario",45.30811,11.642855,201.511367797852,19.3024082183838,"South","November_1_DOY_312",14.6550046920776,312,"November","-3-100"
3,"CT",20,"Carbernet Sauvignon","Az Ca’ Lustra Zanovello",45.305664,11.696812,265.115203857422,262.612030029297,"West","November_1_DOY_312",13.0777941703796,312,"November","200-300"
4,"SU",17,"Carbernet Sauvignon","Az. Il Mottolo",45.251184,11.704945,122.78044128418,42.613597869873,"East","November_1_DOY_312",14.9742204666138,312,"November","-3-100"
5,"NE",1,"Chardonnay","Az. Vignalta",45.344174,11.712021,96.4727020263672,24.2472381591797,"East","November_1_DOY_312",13.9728178024292,312,"November","-3-100"
6,"NO",6,"Chardonnay","Az. San Nazario",45.30811,11.642855,316.952941894531,16.4042930603027,"North","November_1_DOY_312",14.0246971130371,312,"November","-3-100"
7,"CT",11,"Chardonnay","Az Ca’ Lustra Zanovello",45.305664,11.696812,228.241500854492,261.920440673828,"West","November_1_DOY_312",14.0253590583801,312,"November","200-300"
8,"SU",15,"Chardonnay","Az. Il Filò delle Vigne",45.24539,11.700875,83.0387725830078,112.657325744629,"East","November_1_DOY_312",14.506770324707,312,"November","100-200"
9,"NE",5,"Glera","Az Fattoria Eolia",45.345205,11.699838,262.451599121094,207.307495117188,"West","November_1_DOY_312",12.9530055046082,312,"November","200-300"
10,"NO",10,"Glera","Az. San Nazario",45.30811,11.642855,200.804718017578,32.2512664794922,"South","November_1_DOY_312",14.8755441665649,312,"November","-3-100"
11,"CT",14,"Glera","Az Ca’ Lustra Zanovello",45.305964,11.693174,199.094543457031,258.757843017578,"South","November_1_DOY_312",14.7859043121338,312,"November","200-300"
12,"SU",19,"Glera","Az. Vignale di Cecilia",45.274998,11.689283,101.069526672363,63.4985961914062,"East","November_1_DOY_312",13.7106029510498,312,"November","-3-100"
13,"NE",2,"Merlot","Az Fattoria Eolia",45.345205,11.699838,246.272918701172,194.399948120117,"West","November_1_DOY_312",12.989915561676,312,"November","100-200"
14,"NO",7,"Merlot","Az. San Nazario",45.30811,11.642855,241.93571472168,19.8985691070557,"West","November_1_DOY_312",14.420774269104,312,"November","-3-100"
15,"CT",12,"Merlot","Az Ca’ Lustra Zanovello",45.303423,11.691333,206.52294921875,203.978057861328,"South","November_1_DOY_312",14.0945447921753,312,"November","200-300"
16,"SU",16,"Merlot","Az. Il Mottolo",45.251184,11.704945,51.3727188110352,17.8118152618408,"East","November_1_DOY_312",13.2992809295654,312,"November","-3-100"
17,"NE",4,"Moscato giallo","Az Fattoria Eolia",45.345205,11.699838,349.010650634766,189.554321289062,"North","November_1_DOY_312",11.5907344818115,312,"November","100-200"
18,"NO",9,"Moscato giallo","Az. San Nazario",45.30811,11.642855,174.656707763672,24.0276756286621,"South","November_1_DOY_312",14.9460359573364,312,"November","-3-100"
19,"CT",13,"Moscato giallo","Az Ca’ Lustra Zanovello",45.302492,11.690781,179.951187133789,193.538619995117,"South","November_1_DOY_312",14.6647186279297,312,"November","100-200"
20,"SU",18,"Moscato giallo","Az. Il Mottolo",45.251184,11.704945,127.416633605957,23.6866874694824,"East","November_1_DOY_312",14.5060651779175,312,"November","-3-100"
1,"NE",3,"Carbernet Sauvignon","Az Fattoria Eolia",45.345205,11.699838,47.9610481262207,199.962020874023,"East","November_2_DOY_328",8.72148706018925,328,"November","100-200"
2,"NO",8,"Carbernet Sauvignon","Az. San Nazario",45.30811,11.642855,201.511367797852,19.3024082183838,"South","November_2_DOY_328",9.90746109826224,328,"November","-3-100"
3,"CT",20,"Carbernet Sauvignon","Az Ca’ Lustra Zanovello",45.305664,11.696812,265.115203857422,262.612030029297,"West","November_2_DOY_328",8.83263546228409,328,"November","200-300"
4,"SU",17,"Carbernet Sauvignon","Az. Il Mottolo",45.251184,11.704945,122.78044128418,42.613597869873,"East","November_2_DOY_328",11.1864866018295,328,"November","-3-100"
5,"NE",1,"Chardonnay","Az. Vignalta",45.344174,11.712021,96.4727020263672,24.2472381591797,"East","November_2_DOY_328",9.21780380606651,328,"November","-3-100"
6,"NO",6,"Chardonnay","Az. San Nazario",45.30811,11.642855,316.952941894531,16.4042930603027,"North","November_2_DOY_328",9.39773545094899,328,"November","-3-100"
7,"CT",11,"Chardonnay","Az Ca’ Lustra Zanovello",45.305664,11.696812,228.241500854492,261.920440673828,"West","November_2_DOY_328",9.99259567260742,328,"November","200-300"
8,"SU",15,"Chardonnay","Az. Il Filò delle Vigne",45.24539,11.700875,83.0387725830078,112.657325744629,"East","November_2_DOY_328",11.053996026516,328,"November","100-200"
9,"NE",5,"Glera","Az Fattoria Eolia",45.345205,11.699838,262.451599121094,207.307495117188,"West","November_2_DOY_328",8.71169709414244,328,"November","200-300"
10,"NO",10,"Glera","Az. San Nazario",45.30811,11.642855,200.804718017578,32.2512664794922,"South","November_2_DOY_328",10.680176956313,328,"November","-3-100"
11,"CT",14,"Glera","Az Ca’ Lustra Zanovello",45.305964,11.693174,199.094543457031,258.757843017578,"South","November_2_DOY_328",11.0300404429436,328,"November","200-300"
12,"SU",19,"Glera","Az. Vignale di Cecilia",45.274998,11.689283,101.069526672363,63.4985961914062,"East","November_2_DOY_328",10.4227426052094,328,"November","-3-100"
13,"NE",2,"Merlot","Az Fattoria Eolia",45.345205,11.699838,246.272918701172,194.399948120117,"West","November_2_DOY_328",8.48282416723669,328,"November","100-200"
14,"NO",7,"Merlot","Az. San Nazario",45.30811,11.642855,241.93571472168,19.8985691070557,"West","November_2_DOY_328",9.7544184412275,328,"November","-3-100"
15,"CT",12,"Merlot","Az Ca’ Lustra Zanovello",45.303423,11.691333,206.52294921875,203.978057861328,"South","November_2_DOY_328",9.96650213003159,328,"November","200-300"
16,"SU",16,"Merlot","Az. Il Mottolo",45.251184,11.704945,51.3727188110352,17.8118152618408,"East","November_2_DOY_328",9.47514861822128,328,"November","-3-100"
17,"NE",4,"Moscato giallo","Az Fattoria Eolia",45.345205,11.699838,349.010650634766,189.554321289062,"North","November_2_DOY_328",7.24489625357091,328,"November","100-200"
18,"NO",9,"Moscato giallo","Az. San Nazario",45.30811,11.642855,174.656707763672,24.0276756286621,"South","November_2_DOY_328",12.0130313237508,328,"November","-3-100"
19,"CT",13,"Moscato giallo","Az Ca’ Lustra Zanovello",45.302492,11.690781,179.951187133789,193.538619995117,"South","November_2_DOY_328",10.6319821476936,328,"November","100-200"
20,"SU",18,"Moscato giallo","Az. Il Mottolo",45.251184,11.704945,127.416633605957,23.6866874694824,"East","November_2_DOY_328",10.71149289608,328,"November","-3-100"
1,"NE",3,"Carbernet Sauvignon","Az Fattoria Eolia",45.345205,11.699838,47.9610481262207,199.962020874023,"East","October_1_DOY_281",19.1608795166016,281,"October","100-200"
2,"NO",8,"Carbernet Sauvignon","Az. San Nazario",45.30811,11.642855,201.511367797852,19.3024082183838,"South","October_1_DOY_281",20.4955093383789,281,"October","-3-100"
3,"CT",20,"Carbernet Sauvignon","Az Ca’ Lustra Zanovello",45.305664,11.696812,265.115203857422,262.612030029297,"West","October_1_DOY_281",19.7193166732788,281,"October","200-300"
4,"SU",17,"Carbernet Sauvignon","Az. Il Mottolo",45.251184,11.704945,122.78044128418,42.613597869873,"East","October_1_DOY_281",21.9654373168945,281,"October","-3-100"
5,"NE",1,"Chardonnay","Az. Vignalta",45.344174,11.712021,96.4727020263672,24.2472381591797,"East","October_1_DOY_281",20.03737449646,281,"October","-3-100"
6,"NO",6,"Chardonnay","Az. San Nazario",45.30811,11.642855,316.952941894531,16.4042930603027,"North","October_1_DOY_281",20.2378129959106,281,"October","-3-100"
7,"CT",11,"Chardonnay","Az Ca’ Lustra Zanovello",45.305664,11.696812,228.241500854492,261.920440673828,"West","October_1_DOY_281",20.5518630981445,281,"October","200-300"
8,"SU",15,"Chardonnay","Az. Il Filò delle Vigne",45.24539,11.700875,83.0387725830078,112.657325744629,"East","October_1_DOY_281",21.4114379882812,281,"October","100-200"
9,"NE",5,"Glera","Az Fattoria Eolia",45.345205,11.699838,262.451599121094,207.307495117188,"West","October_1_DOY_281",19.2089435577393,281,"October","200-300"
10,"NO",10,"Glera","Az. San Nazario",45.30811,11.642855,200.804718017578,32.2512664794922,"South","October_1_DOY_281",20.94328956604,281,"October","-3-100"
11,"CT",14,"Glera","Az Ca’ Lustra Zanovello",45.305964,11.693174,199.094543457031,258.757843017578,"South","October_1_DOY_281",20.5566898345947,281,"October","200-300"
12,"SU",19,"Glera","Az. Vignale di Cecilia",45.274998,11.689283,101.069526672363,63.4985961914062,"East","October_1_DOY_281",20.9101104736328,281,"October","-3-100"
13,"NE",2,"Merlot","Az Fattoria Eolia",45.345205,11.699838,246.272918701172,194.399948120117,"West","October_1_DOY_281",19.0452102661133,281,"October","100-200"
14,"NO",7,"Merlot","Az. San Nazario",45.30811,11.642855,241.93571472168,19.8985691070557,"West","October_1_DOY_281",20.4141452789307,281,"October","-3-100"
15,"CT",12,"Merlot","Az Ca’ Lustra Zanovello",45.303423,11.691333,206.52294921875,203.978057861328,"South","October_1_DOY_281",19.6740762710571,281,"October","200-300"
16,"SU",16,"Merlot","Az. Il Mottolo",45.251184,11.704945,51.3727188110352,17.8118152618408,"East","October_1_DOY_281",20.9995143890381,281,"October","-3-100"
17,"NE",4,"Moscato giallo","Az Fattoria Eolia",45.345205,11.699838,349.010650634766,189.554321289062,"North","October_1_DOY_281",18.052938079834,281,"October","100-200"
18,"NO",9,"Moscato giallo","Az. San Nazario",45.30811,11.642855,174.656707763672,24.0276756286621,"South","October_1_DOY_281",21.3421810150146,281,"October","-3-100"
19,"CT",13,"Moscato giallo","Az Ca’ Lustra Zanovello",45.302492,11.690781,179.951187133789,193.538619995117,"South","October_1_DOY_281",20.7462814331055,281,"October","100-200"
20,"SU",18,"Moscato giallo","Az. Il Mottolo",45.251184,11.704945,127.416633605957,23.6866874694824,"East","October_1_DOY_281",21.7271770477295,281,"October","-3-100"
1,"NE",3,"Carbernet Sauvignon","Az Fattoria Eolia",45.345205,11.699838,47.9610481262207,199.962020874023,"East","October_2_DOY_297",15.2984713145665,297,"October","100-200"
2,"NO",8,"Carbernet Sauvignon","Az. San Nazario",45.30811,11.642855,201.511367797852,19.3024082183838,"South","October_2_DOY_297",17.4719520296369,297,"October","-3-100"
3,"CT",20,"Carbernet Sauvignon","Az Ca’ Lustra Zanovello",45.305664,11.696812,265.115203857422,262.612030029297,"West","October_2_DOY_297",15.3573231015887,297,"October","200-300"
4,"SU",17,"Carbernet Sauvignon","Az. Il Mottolo",45.251184,11.704945,122.78044128418,42.613597869873,"East","October_2_DOY_297",16.788151877267,297,"October","-3-100"
5,"NE",1,"Chardonnay","Az. Vignalta",45.344174,11.712021,96.4727020263672,24.2472381591797,"East","October_2_DOY_297",15.8634301594325,297,"October","-3-100"
6,"NO",6,"Chardonnay","Az. San Nazario",45.30811,11.642855,316.952941894531,16.4042930603027,"North","October_2_DOY_297",16.2036074229649,297,"October","-3-100"
7,"CT",11,"Chardonnay","Az Ca’ Lustra Zanovello",45.305664,11.696812,228.241500854492,261.920440673828,"West","October_2_DOY_297",16.3424407414028,297,"October","200-300"
8,"SU",15,"Chardonnay","Az. Il Filò delle Vigne",45.24539,11.700875,83.0387725830078,112.657325744629,"East","October_2_DOY_297",16.6780703408378,297,"October","100-200"
9,"NE",5,"Glera","Az Fattoria Eolia",45.345205,11.699838,262.451599121094,207.307495117188,"West","October_2_DOY_297",15.4479577200753,297,"October","200-300"
10,"NO",10,"Glera","Az. San Nazario",45.30811,11.642855,200.804718017578,32.2512664794922,"South","October_2_DOY_297",17.9865614573161,297,"October","-3-100"
11,"CT",14,"Glera","Az Ca’ Lustra Zanovello",45.305964,11.693174,199.094543457031,258.757843017578,"South","October_2_DOY_297",16.7303483145578,297,"October","200-300"
12,"SU",19,"Glera","Az. Vignale di Cecilia",45.274998,11.689283,101.069526672363,63.4985961914062,"East","October_2_DOY_297",16.424745287214,297,"October","-3-100"
13,"NE",2,"Merlot","Az Fattoria Eolia",45.345205,11.699838,246.272918701172,194.399948120117,"West","October_2_DOY_297",15.3362846374512,297,"October","100-200"
14,"NO",7,"Merlot","Az. San Nazario",45.30811,11.642855,241.93571472168,19.8985691070557,"West","October_2_DOY_297",16.4087756020682,297,"October","-3-100"
15,"CT",12,"Merlot","Az Ca’ Lustra Zanovello",45.303423,11.691333,206.52294921875,203.978057861328,"South","October_2_DOY_297",16.1029807499477,297,"October","200-300"
16,"SU",16,"Merlot","Az. Il Mottolo",45.251184,11.704945,51.3727188110352,17.8118152618408,"East","October_2_DOY_297",16.2393605368478,297,"October","-3-100"
17,"NE",4,"Moscato giallo","Az Fattoria Eolia",45.345205,11.699838,349.010650634766,189.554321289062,"North","October_2_DOY_297",14.033994947161,297,"October","100-200"
18,"NO",9,"Moscato giallo","Az. San Nazario",45.30811,11.642855,174.656707763672,24.0276756286621,"South","October_2_DOY_297",17.2294605800084,297,"October","-3-100"
19,"CT",13,"Moscato giallo","Az Ca’ Lustra Zanovello",45.302492,11.690781,179.951187133789,193.538619995117,"South","October_2_DOY_297",16.6714195523943,297,"October","100-200"
20,"SU",18,"Moscato giallo","Az. Il Mottolo",45.251184,11.704945,127.416633605957,23.6866874694824,"East","October_2_DOY_297",16.5901707240513,297,"October","-3-100"
1,"NE",3,"Carbernet Sauvignon","Az Fattoria Eolia",45.345205,11.699838,47.9610481262207,199.962020874023,"East","September_1_DOY_251",24.3310964448111,251,"September","100-200"
2,"NO",8,"Carbernet Sauvignon","Az. San Nazario",45.30811,11.642855,201.511367797852,19.3024082183838,"South","September_1_DOY_251",25.7699418749128,251,"September","-3-100"
3,"CT",20,"Carbernet Sauvignon","Az Ca’ Lustra Zanovello",45.305664,11.696812,265.115203857422,262.612030029297,"West","September_1_DOY_251",23.530816418784,251,"September","200-300"
4,"SU",17,"Carbernet Sauvignon","Az. Il Mottolo",45.251184,11.704945,122.78044128418,42.613597869873,"East","September_1_DOY_251",27.8231582641602,251,"September","-3-100"
5,"NE",1,"Chardonnay","Az. Vignalta",45.344174,11.712021,96.4727020263672,24.2472381591797,"East","September_1_DOY_251",25.4865540776934,251,"September","-3-100"
6,"NO",6,"Chardonnay","Az. San Nazario",45.30811,11.642855,316.952941894531,16.4042930603027,"North","September_1_DOY_251",25.3979105949402,251,"September","-3-100"
7,"CT",11,"Chardonnay","Az Ca’ Lustra Zanovello",45.305664,11.696812,228.241500854492,261.920440673828,"West","September_1_DOY_251",24.7354732240949,251,"September","200-300"
8,"SU",15,"Chardonnay","Az. Il Filò delle Vigne",45.24539,11.700875,83.0387725830078,112.657325744629,"East","September_1_DOY_251",26.6024327278137,251,"September","100-200"
9,"NE",5,"Glera","Az Fattoria Eolia",45.345205,11.699838,262.451599121094,207.307495117188,"West","September_1_DOY_251",24.091256073543,251,"September","200-300"
10,"NO",10,"Glera","Az. San Nazario",45.30811,11.642855,200.804718017578,32.2512664794922,"South","September_1_DOY_251",25.9347171102251,251,"September","-3-100"
11,"CT",14,"Glera","Az Ca’ Lustra Zanovello",45.305964,11.693174,199.094543457031,258.757843017578,"South","September_1_DOY_251",24.6958156313215,251,"September","200-300"
12,"SU",19,"Glera","Az. Vignale di Cecilia",45.274998,11.689283,101.069526672363,63.4985961914062,"East","September_1_DOY_251",25.6576371192932,251,"September","-3-100"
13,"NE",2,"Merlot","Az Fattoria Eolia",45.345205,11.699838,246.272918701172,194.399948120117,"West","September_1_DOY_251",23.9402236257281,251,"September","100-200"
14,"NO",7,"Merlot","Az. San Nazario",45.30811,11.642855,241.93571472168,19.8985691070557,"West","September_1_DOY_251",24.8331567219325,251,"September","-3-100"
15,"CT",12,"Merlot","Az Ca’ Lustra Zanovello",45.303423,11.691333,206.52294921875,203.978057861328,"South","September_1_DOY_251",24.5247798647199,251,"September","200-300"
16,"SU",16,"Merlot","Az. Il Mottolo",45.251184,11.704945,51.3727188110352,17.8118152618408,"East","September_1_DOY_251",26.3377613340105,251,"September","-3-100"
17,"NE",4,"Moscato giallo","Az Fattoria Eolia",45.345205,11.699838,349.010650634766,189.554321289062,"North","September_1_DOY_251",22.8725660869053,251,"September","100-200"
18,"NO",9,"Moscato giallo","Az. San Nazario",45.30811,11.642855,174.656707763672,24.0276756286621,"South","September_1_DOY_251",25.9850076266697,251,"September","-3-100"
19,"CT",13,"Moscato giallo","Az Ca’ Lustra Zanovello",45.302492,11.690781,179.951187133789,193.538619995117,"South","September_1_DOY_251",25.6405100822449,251,"September","100-200"
20,"SU",18,"Moscato giallo","Az. Il Mottolo",45.251184,11.704945,127.416633605957,23.6866874694824,"East","September_1_DOY_251",26.8323137419564,251,"September","-3-100"
1,"NE",3,"Carbernet Sauvignon","Az Fattoria Eolia",45.345205,11.699838,47.9610481262207,199.962020874023,"East","September_2_DOY_266",20.5719792048136,266,"September","100-200"
2,"NO",8,"Carbernet Sauvignon","Az. San Nazario",45.30811,11.642855,201.511367797852,19.3024082183838,"South","September_2_DOY_266",22.4943889776866,266,"September","-3-100"
3,"CT",20,"Carbernet Sauvignon","Az Ca’ Lustra Zanovello",45.305664,11.696812,265.115203857422,262.612030029297,"West","September_2_DOY_266",20.199773311615,266,"September","200-300"
4,"SU",17,"Carbernet Sauvignon","Az. Il Mottolo",45.251184,11.704945,122.78044128418,42.613597869873,"East","September_2_DOY_266",22.7871212164561,266,"September","-3-100"
5,"NE",1,"Chardonnay","Az. Vignalta",45.344174,11.712021,96.4727020263672,24.2472381591797,"East","September_2_DOY_266",21.5185883045197,266,"September","-3-100"
6,"NO",6,"Chardonnay","Az. San Nazario",45.30811,11.642855,316.952941894531,16.4042930603027,"North","September_2_DOY_266",21.4715518156687,266,"September","-3-100"
7,"CT",11,"Chardonnay","Az Ca’ Lustra Zanovello",45.305664,11.696812,228.241500854492,261.920440673828,"West","September_2_DOY_266",21.2049578825633,266,"September","200-300"
8,"SU",15,"Chardonnay","Az. Il Filò delle Vigne",45.24539,11.700875,83.0387725830078,112.657325744629,"East","September_2_DOY_266",22.4790187676748,266,"September","100-200"
9,"NE",5,"Glera","Az Fattoria Eolia",45.345205,11.699838,262.451599121094,207.307495117188,"West","September_2_DOY_266",20.158439318339,266,"September","200-300"
10,"NO",10,"Glera","Az. San Nazario",45.30811,11.642855,200.804718017578,32.2512664794922,"South","September_2_DOY_266",22.3156593496149,266,"September","-3-100"
11,"CT",14,"Glera","Az Ca’ Lustra Zanovello",45.305964,11.693174,199.094543457031,258.757843017578,"South","September_2_DOY_266",21.0254004001617,266,"September","200-300"
12,"SU",19,"Glera","Az. Vignale di Cecilia",45.274998,11.689283,101.069526672363,63.4985961914062,"East","September_2_DOY_266",21.576713959376,266,"September","-3-100"
13,"NE",2,"Merlot","Az Fattoria Eolia",45.345205,11.699838,246.272918701172,194.399948120117,"West","September_2_DOY_266",20.1111385027568,266,"September","100-200"
14,"NO",7,"Merlot","Az. San Nazario",45.30811,11.642855,241.93571472168,19.8985691070557,"West","September_2_DOY_266",21.3495844999949,266,"September","-3-100"
15,"CT",12,"Merlot","Az Ca’ Lustra Zanovello",45.303423,11.691333,206.52294921875,203.978057861328,"South","September_2_DOY_266",20.7115761439006,266,"September","200-300"
16,"SU",16,"Merlot","Az. Il Mottolo",45.251184,11.704945,51.3727188110352,17.8118152618408,"East","September_2_DOY_266",21.7431436379751,266,"September","-3-100"
17,"NE",4,"Moscato giallo","Az Fattoria Eolia",45.345205,11.699838,349.010650634766,189.554321289062,"North","September_2_DOY_266",19.0847568511963,266,"September","100-200"
18,"NO",9,"Moscato giallo","Az. San Nazario",45.30811,11.642855,174.656707763672,24.0276756286621,"South","September_2_DOY_266",22.2269996802012,266,"September","-3-100"
19,"CT",13,"Moscato giallo","Az Ca’ Lustra Zanovello",45.302492,11.690781,179.951187133789,193.538619995117,"South","September_2_DOY_266",21.9226467609406,266,"September","100-200"
20,"SU",18,"Moscato giallo","Az. Il Mottolo",45.251184,11.704945,127.416633605957,23.6866874694824,"East","September_2_DOY_266",22.648229042689,266,"September","-3-100"
